decision,categoryId,brand,exactModel,originSegment,asin,canonicalAmazonUrl,currentAvailability,volatilePrice,seller,fulfillment,retrievedAt,manufacturerUrl,turkiyeApplicability,categoryIdentity,confidence,blockerOrReason
"CATALOG_CANDIDATE_READY","AIR_FRYER","Xiaomi","Smart Air Fryer Pro 4L EU","IMPORTED_OR_GLOBAL_BRAND","B0BQNDGJRV","https://www.amazon.com.tr/dp/B0BQNDGJRV","ACTIVE_SEARCH_CARD_WITH_PRICE","5.499,00 TL","","","2026-09-05T01:03:56.982Z","https://www.mi.com/tr/product/xiaomi-smart-air-fryer-pro-4l/","PROVEN_BY_EXACT_MANUFACTURER_TURKIYE_SURFACE_AND_AMAZON_TR_IDENTITY","EXACT_CATEGORY_IDENTITY_CONFIRMED","HIGH",""
"CATALOG_CANDIDATE_READY","AIR_FRYER","Philips","HD9243/90","IMPORTED_OR_GLOBAL_BRAND","B0CD2KVVRC","https://www.amazon.com.tr/dp/B0CD2KVVRC","ACTIVE_SEARCH_CARD_WITH_PRICE","6.799,00 TL","","","2026-09-05T01:03:56.982Z","https://www.philips.com.tr/c-p/HD9243_90/3000-serisi-airfryer/destek","PROVEN_BY_EXACT_MANUFACTURER_TURKIYE_SURFACE_AND_AMAZON_TR_IDENTITY","EXACT_CATEGORY_IDENTITY_CONFIRMED","HIGH",""
"CATALOG_CANDIDATE_READY","AIR_FRYER","Vestel","LightFry 15 X","DOMESTIC_TURKIYE_ROOTED_BRAND","B0CL9FR5JN","https://www.amazon.com.tr/dp/B0CL9FR5JN","ACTIVE_SEARCH_CARD_WITH_PRICE","2.597,00 TL","","","2026-09-05T01:03:56.982Z","https://statik.vestel.com.tr/webfiles/20244644_k.pdf","PROVEN_BY_EXACT_MANUFACTURER_TURKIYE_SURFACE_AND_AMAZON_TR_IDENTITY","EXACT_CATEGORY_IDENTITY_CONFIRMED","HIGH",""
"PENDING_EXACT_CONFIGURATION_IDENTITY","AIR_FRYER","","Karaca Air Pro Cook XL 2in1 Rose Gold","","B0BF17GJCZ","https://www.amazon.com.tr/dp/B0BF17GJCZ","ACTIVE_SEARCH_CARD","4.999,00 TL","","","2026-09-05T01:03:56.982Z","","NOT_PROVEN_OR_NOT_APPLICABLE","UNRESOLVED_OR_EXCLUDED","","The bounded manufacturer pass did not establish the exact 2-in-1 Rose Gold configuration identity."
"REJECTED_UNAVAILABLE","AIR_FRYER","","Philips NA322/00 Airfryer","","B0DJR8CNCZ","https://www.amazon.com.tr/dp/B0DJR8CNCZ","UNAVAILABLE_SEARCH_CARD","","","","2026-09-05T01:03:56.982Z","","NOT_PROVEN_OR_NOT_APPLICABLE","UNRESOLVED_OR_EXCLUDED","","The exact listing card exposed no current price/offer."
"CATALOG_CANDIDATE_READY","AIR_PURIFIER","Xiaomi","Smart Air Purifier 4 Lite","IMPORTED_OR_GLOBAL_BRAND","B09QX6JN98","https://www.amazon.com.tr/dp/B09QX6JN98","ACTIVE_SEARCH_CARD_WITH_PRICE","7.399,00 TL","","","2026-09-05T01:03:58.425Z","https://www.mi.com/tr/product/xiaomi-smart-air-purifier-4-lite/","PROVEN_BY_EXACT_MANUFACTURER_TURKIYE_SURFACE_AND_AMAZON_TR_IDENTITY","EXACT_CATEGORY_IDENTITY_CONFIRMED","HIGH",""
"CATALOG_CANDIDATE_READY","AIR_PURIFIER","Bosch","Air 4000","IMPORTED_OR_GLOBAL_BRAND","B0B5D7H7VP","https://www.amazon.com.tr/dp/B0B5D7H7VP","ACTIVE_SEARCH_CARD_WITH_PRICE","8.721,25 TL","","","2026-09-05T01:03:58.425Z","https://www.bosch-homecomfort.com/tr/tr/ocs/residential/air-4000-19297701-p/","PROVEN_BY_EXACT_MANUFACTURER_TURKIYE_SURFACE_AND_AMAZON_TR_IDENTITY","EXACT_CATEGORY_IDENTITY_CONFIRMED","HIGH",""
"CATALOG_CANDIDATE_READY","AIR_PURIFIER","Xiaomi","Smart Air Purifier 4 Compact EU / AC-M18-SC","IMPORTED_OR_GLOBAL_BRAND","B0B6FHKKHP","https://www.amazon.com.tr/dp/B0B6FHKKHP","ACTIVE_SEARCH_CARD_WITH_PRICE","4.999,00 TL","","","2026-09-05T01:03:58.425Z","https://www.mi.com/tr/product/xiaomi-smart-air-purifier-4-compact/specs/","PROVEN_BY_EXACT_MANUFACTURER_TURKIYE_SURFACE_AND_AMAZON_TR_IDENTITY","EXACT_CATEGORY_IDENTITY_CONFIRMED","HIGH",""
"CATALOG_CANDIDATE_READY","AIR_PURIFIER","Philips","AC2220/10","IMPORTED_OR_GLOBAL_BRAND","B0FYHKVT96","https://www.amazon.com.tr/dp/B0FYHKVT96","ACTIVE_SEARCH_CARD_WITH_PRICE","13.591,50 TL","","","2026-09-05T01:03:58.425Z","https://www.philips.com.tr/c-p/AC2220_10/cobra-pureprotect-quiet-2200-series","PROVEN_BY_EXACT_MANUFACTURER_TURKIYE_SURFACE_AND_AMAZON_TR_IDENTITY","EXACT_CATEGORY_IDENTITY_CONFIRMED","HIGH",""
"PENDING_EXACT_MANUFACTURER_TURKIYE_EVIDENCE","AIR_PURIFIER","","Shark NeverChange5 Compact Pro HP072EU","","B0DT7D6X21","https://www.amazon.com.tr/dp/B0DT7D6X21","ACTIVE_SEARCH_CARD","6.585,00 TL","","","2026-09-05T01:03:58.425Z","","NOT_PROVEN_OR_NOT_APPLICABLE","UNRESOLVED_OR_EXCLUDED","","Exact Türkiye manufacturer/support and offer-warranty applicability were not proven in the bounded pass."
"PENDING_EXACT_MANUFACTURER_TURKIYE_EVIDENCE","AIR_PURIFIER","","H13 HEPA Filtreli Hava Temizleyici","","B0FVXMCMC3","https://www.amazon.com.tr/dp/B0FVXMCMC3","ACTIVE_SEARCH_CARD","1.426,45 TL","","","2026-09-05T01:03:58.425Z","","NOT_PROVEN_OR_NOT_APPLICABLE","UNRESOLVED_OR_EXCLUDED","","No manufacturer or exact model identity was exposed."
"CATALOG_CANDIDATE_READY","BLENDER","Electrolux","E4TB1-6ST","IMPORTED_OR_GLOBAL_BRAND","B092MWBSF9","https://www.amazon.com.tr/dp/B092MWBSF9","ACTIVE_SEARCH_CARD_WITH_PRICE","3.090,00 TL","","","2026-09-05T01:03:59.938Z","https://www.electrolux.com.tr/kitchen/small-kitchen-appliances/table-blenders/table-blender/e4tb1-6st/","PROVEN_BY_EXACT_MANUFACTURER_TURKIYE_SURFACE_AND_AMAZON_TR_IDENTITY","EXACT_CATEGORY_IDENTITY_CONFIRMED","HIGH",""
"CATALOG_CANDIDATE_READY","BLENDER","Arzum","AR1147 Shake'N Take Neo","DOMESTIC_TURKIYE_ROOTED_BRAND","B0CJJYY61L","https://www.amazon.com.tr/dp/B0CJJYY61L","ACTIVE_SEARCH_CARD_WITH_PRICE","2.589,00 TL","","","2026-09-05T01:03:59.938Z","https://destek.arzum.com.tr/manuals/arzum-shaken-take-neo-kisisel-blender-ar1147-b.pdf","PROVEN_BY_EXACT_MANUFACTURER_TURKIYE_SURFACE_AND_AMAZON_TR_IDENTITY","EXACT_CATEGORY_IDENTITY_CONFIRMED","HIGH",""
"CATALOG_CANDIDATE_READY","BLENDER","Philips","HR3031/00","IMPORTED_OR_GLOBAL_BRAND","B0CX23H3G6","https://www.amazon.com.tr/dp/B0CX23H3G6","ACTIVE_SEARCH_CARD_WITH_PRICE","7.051,09 TL","","","2026-09-05T01:03:59.938Z","https://www.philips.com.tr/c-p/HR3031_00/5000-series-hr3020-grey","PROVEN_BY_EXACT_MANUFACTURER_TURKIYE_SURFACE_AND_AMAZON_TR_IDENTITY","EXACT_CATEGORY_IDENTITY_CONFIRMED","HIGH",""
"CATALOG_CANDIDATE_READY","BLENDER","Homend","Mixfresh 7026H","DOMESTIC_TURKIYE_ROOTED_BRAND","B0GP19HRMZ","https://www.amazon.com.tr/dp/B0GP19HRMZ","ACTIVE_SEARCH_CARD_WITH_PRICE","1.360,66 TL","","","2026-09-05T01:03:59.938Z","https://www.homend.com.tr/urun/homend-mixfresh-7026h-kisisel-smoothie-blender-antrasit-siyah","PROVEN_BY_EXACT_MANUFACTURER_TURKIYE_SURFACE_AND_AMAZON_TR_IDENTITY","EXACT_CATEGORY_IDENTITY_CONFIRMED","HIGH",""
"REJECTED_WRONG_CATEGORY","BLENDER","","Philips HR2695/01 El Blender","","B0D1KVD99N","https://www.amazon.com.tr/dp/B0D1KVD99N","ACTIVE_SEARCH_CARD","3.695,00 TL","","","2026-09-05T01:03:59.938Z","","NOT_PROVEN_OR_NOT_APPLICABLE","REJECTED","","Hand blender/set identity is outside the countertop jug/personal blender category boundary."
"CATALOG_CANDIDATE_READY","BUILT_IN_MICROWAVE_OVEN","Franke","FSL 20 MW XS / 131.0632.992","IMPORTED_OR_GLOBAL_BRAND","B0BW647X95","https://www.amazon.com.tr/dp/B0BW647X95","ACTIVE_SEARCH_CARD_WITH_PRICE","20.888,00 TL","","","2026-09-05T01:04:01.151Z","https://www.franke.com/tr/tr/home-solutions/urunler/filtreli-armaturler/product-detail-page.html/131.0632.992.html","PROVEN_BY_EXACT_MANUFACTURER_TURKIYE_SURFACE_AND_AMAZON_TR_IDENTITY","EXACT_CATEGORY_IDENTITY_CONFIRMED","HIGH",""
"REJECTED_UNAVAILABLE","BUILT_IN_MICROWAVE_OVEN","","Bosch BFL520MS0 Ankastre Mikrodalga","","B07BYDGZYK","https://www.amazon.com.tr/dp/B07BYDGZYK","UNAVAILABLE_SEARCH_CARD","","","","2026-09-05T01:04:01.151Z","","NOT_PROVEN_OR_NOT_APPLICABLE","UNRESOLVED_OR_EXCLUDED","","Exact product card was present but no current offer was visible."
"REJECTED_WRONG_CATEGORY","BUILT_IN_MICROWAVE_OVEN","","Samsung MS23DG4504GTTR Solo Mikrodalga","","B0DRSJ6G7J","https://www.amazon.com.tr/dp/B0DRSJ6G7J","ACTIVE_SEARCH_CARD","5.979,08 TL","","","2026-09-05T01:04:01.151Z","","NOT_PROVEN_OR_NOT_APPLICABLE","REJECTED","","Manufacturer and Amazon identify a solo/countertop microwave, not built-in."
"CATALOG_CANDIDATE_READY","BUILT_IN_OVEN","Samsung","NV60K3110BS/TR","IMPORTED_OR_GLOBAL_BRAND","B07F3WMGMF","https://www.amazon.com.tr/dp/B07F3WMGMF","ACTIVE_SEARCH_CARD_WITH_PRICE","16.999,00 TL","","","2026-09-05T01:04:07.529Z","https://www.samsung.com/tr/cooking-appliances/ovens/electric-oven-nv60k3110bs-tr/","PROVEN_BY_EXACT_MANUFACTURER_TURKIYE_SURFACE_AND_AMAZON_TR_IDENTITY","EXACT_CATEGORY_IDENTITY_CONFIRMED","HIGH",""
"CATALOG_CANDIDATE_READY","BUILT_IN_OVEN","Franke","FSL 86 H WH / 116.0609.448","IMPORTED_OR_GLOBAL_BRAND","B097F3SKW2","https://www.amazon.com.tr/dp/B097F3SKW2","ACTIVE_SEARCH_CARD_WITH_PRICE","33.765,00 TL","","","2026-09-05T01:04:07.529Z","https://www.franke.com/tr/tr/home-solutions/urunler/bulasik-makineleri/product-detail-page.html/116.0609.448.html","PROVEN_BY_EXACT_MANUFACTURER_TURKIYE_SURFACE_AND_AMAZON_TR_IDENTITY","EXACT_CATEGORY_IDENTITY_CONFIRMED","HIGH",""
"PENDING_EXACT_MANUFACTURER_TURKIYE_EVIDENCE","BUILT_IN_OVEN","","Arçelik AFC 121 SR Ankastre Fırın","","B0GTRKRY4Z","https://www.amazon.com.tr/dp/B0GTRKRY4Z","ACTIVE_SEARCH_CARD","12.000,00 TL","","","2026-09-05T01:04:07.529Z","","NOT_PROVEN_OR_NOT_APPLICABLE","UNRESOLVED_OR_EXCLUDED","","Exact manufacturer model corroboration was not located during the bounded pass."
"REJECTED_WRONG_CATEGORY","BUILT_IN_OVEN","","Altus ALA 137 W fırın komütatörü","","B0DYVQ5H6M","https://www.amazon.com.tr/dp/B0DYVQ5H6M","ACTIVE_SEARCH_CARD","1.228,00 TL","","","2026-09-05T01:04:07.529Z","","NOT_PROVEN_OR_NOT_APPLICABLE","REJECTED","","Spare part, not an oven."
"CATALOG_CANDIDATE_READY","COUNTERTOP_MICROWAVE_OVEN","Samsung","MS23DG4504GTTR","IMPORTED_OR_GLOBAL_BRAND","B0DRSJ6G7J","https://www.amazon.com.tr/dp/B0DRSJ6G7J","ACTIVE_SEARCH_CARD_WITH_PRICE","5.979,08 TL","","","2026-09-05T01:04:08.853Z","https://www.samsung.com/tr/microwave-ovens/solo/mw4000d-solo-mwo-fry-bread-defrost-seamless-and-recessed-handle-design-ms23dg4504gttr/","PROVEN_BY_EXACT_MANUFACTURER_TURKIYE_SURFACE_AND_AMAZON_TR_IDENTITY","EXACT_CATEGORY_IDENTITY_CONFIRMED","HIGH",""
"CATALOG_CANDIDATE_READY","COUNTERTOP_MICROWAVE_OVEN","Kumtel","HMIN-02 Smartwave","DOMESTIC_TURKIYE_ROOTED_BRAND","B0DYFCMX79","https://www.amazon.com.tr/dp/B0DYFCMX79","ACTIVE_SEARCH_CARD_WITH_PRICE","3.529,00 TL","","","2026-09-05T01:04:08.853Z","https://www.kumtel.com/kumtel-siyah-smartwave-dijital-inverter-mikrodalga-hmin-02-559","PROVEN_BY_EXACT_MANUFACTURER_TURKIYE_SURFACE_AND_AMAZON_TR_IDENTITY","EXACT_CATEGORY_IDENTITY_CONFIRMED","HIGH",""
"CATALOG_CANDIDATE_READY","COUNTERTOP_MICROWAVE_OVEN","Arçelik","MD 201 G","DOMESTIC_TURKIYE_ROOTED_BRAND","B0G5PSF9JN","https://www.amazon.com.tr/dp/B0G5PSF9JN","ACTIVE_SEARCH_CARD_WITH_PRICE","5.899,00 TL","","","2026-09-05T01:04:08.853Z","https://www.arcelik.com.tr/mikrodalga-firin/md-201-g-mikrodalga-firin","PROVEN_BY_EXACT_MANUFACTURER_TURKIYE_SURFACE_AND_AMAZON_TR_IDENTITY","EXACT_CATEGORY_IDENTITY_CONFIRMED","HIGH",""
"CATALOG_CANDIDATE_READY","COUNTERTOP_MICROWAVE_OVEN","Arçelik","MD 211 DS","DOMESTIC_TURKIYE_ROOTED_BRAND","B0G5PTBGWC","https://www.amazon.com.tr/dp/B0G5PTBGWC","ACTIVE_SEARCH_CARD_WITH_PRICE","7.988,15 TL","","","2026-09-05T01:04:08.853Z","https://www.arcelik.com.tr/mikrodalga-firin/md-211-ds-mikrodalga-firin","PROVEN_BY_EXACT_MANUFACTURER_TURKIYE_SURFACE_AND_AMAZON_TR_IDENTITY","EXACT_CATEGORY_IDENTITY_CONFIRMED","HIGH",""
"REJECTED_UNAVAILABLE","COUNTERTOP_MICROWAVE_OVEN","","Samsung MS23DG4504ATTR Mikrodalga","","B0DLL48F95","https://www.amazon.com.tr/dp/B0DLL48F95","UNAVAILABLE_SEARCH_CARD","","","","2026-09-05T01:04:08.853Z","","NOT_PROVEN_OR_NOT_APPLICABLE","UNRESOLVED_OR_EXCLUDED","","Exact product card was present but no current offer was visible."
"CATALOG_CANDIDATE_READY","DISHWASHER","Samsung","DW60M5062FS/TR","IMPORTED_OR_GLOBAL_BRAND","B07P9FNJHC","https://www.amazon.com.tr/dp/B07P9FNJHC","ACTIVE_SEARCH_CARD_WITH_PRICE","34.990,00 TL","","","2026-09-05T01:04:10.169Z","https://www.samsung.com/tr/support/model/DW60M5062FS/TR/","PROVEN_BY_EXACT_MANUFACTURER_TURKIYE_SURFACE_AND_AMAZON_TR_IDENTITY","EXACT_CATEGORY_IDENTITY_CONFIRMED","HIGH",""
"CATALOG_CANDIDATE_READY","DISHWASHER","Teka","DFI 46700 TTM","IMPORTED_OR_GLOBAL_BRAND","B08JMF53MQ","https://www.amazon.com.tr/dp/B08JMF53MQ","ACTIVE_SEARCH_CARD_WITH_PRICE","23.500,00 TL","","","2026-09-05T01:04:10.169Z","https://www.teka.com/tr-tr/wp-content/uploads/sites/16/2022/08/TK-116-KATALOG-2021-sikis%CC%A7tirildi.pdf","PROVEN_BY_EXACT_MANUFACTURER_TURKIYE_SURFACE_AND_AMAZON_TR_IDENTITY","EXACT_CATEGORY_IDENTITY_CONFIRMED","HIGH",""
"CATALOG_CANDIDATE_READY","DISHWASHER","Arçelik","A 710 I","DOMESTIC_TURKIYE_ROOTED_BRAND","B0GR5WR3F8","https://www.amazon.com.tr/dp/B0GR5WR3F8","ACTIVE_SEARCH_CARD_WITH_PRICE","24.799,00 TL","","","2026-09-05T01:04:10.169Z","https://www.arcelik.com.tr/prestige-serisi-solo-bulasik-makinesi/a-710-i-bulasik-makinesi","PROVEN_BY_EXACT_MANUFACTURER_TURKIYE_SURFACE_AND_AMAZON_TR_IDENTITY","EXACT_CATEGORY_IDENTITY_CONFIRMED","HIGH",""
"CATALOG_CANDIDATE_READY","DISHWASHER","Arçelik","Diamond A 811 I","DOMESTIC_TURKIYE_ROOTED_BRAND","B0H8K13BL6","https://www.amazon.com.tr/dp/B0H8K13BL6","ACTIVE_SEARCH_CARD_WITH_PRICE","32.000,00 TL","","","2026-09-05T01:04:10.169Z","https://www.arcelik.com.tr/diamond-serisi-solo-bulasik-makinesi/a-811-i-bulasik-makinesi","PROVEN_BY_EXACT_MANUFACTURER_TURKIYE_SURFACE_AND_AMAZON_TR_IDENTITY","EXACT_CATEGORY_IDENTITY_CONFIRMED","HIGH",""
"PENDING_EXACT_CONFIGURATION_IDENTITY","DISHWASHER","","Vestel BM4212 WIFI Bulaşık Makinesi","","B0CMCNDT2J","https://www.amazon.com.tr/dp/B0CMCNDT2J","ACTIVE_SEARCH_CARD","","","","2026-09-05T01:04:10.169Z","","NOT_PROVEN_OR_NOT_APPLICABLE","UNRESOLVED_OR_EXCLUDED","","Manufacturer materials exposed BM4212 S/X/MS WIFI variants, but the unsuffixed Amazon identity did not resolve to one exact configuration."
"CATALOG_CANDIDATE_READY","DRYER","Samsung","DV10DG54A0ABAH","IMPORTED_OR_GLOBAL_BRAND","B0FWKLV2BJ","https://www.amazon.com.tr/dp/B0FWKLV2BJ","ACTIVE_SEARCH_CARD_WITH_PRICE","37.199,00 TL","","","2026-09-05T01:04:18.875Z","https://www.samsung.com/tr/washers-and-dryers/dryers/dv5000d-dryer-space-max-hygiene-care-smartthings-ai-energy-mode-10kg-black-dv10dg54a0abah/","PROVEN_BY_EXACT_MANUFACTURER_TURKIYE_SURFACE_AND_AMAZON_TR_IDENTITY","EXACT_CATEGORY_IDENTITY_CONFIRMED","HIGH",""
"CATALOG_CANDIDATE_READY","DRYER","Hoover","HRE H11A2TBE-17","IMPORTED_OR_GLOBAL_BRAND","B0FWV9819Q","https://www.amazon.com.tr/dp/B0FWV9819Q","ACTIVE_SEARCH_CARD_WITH_PRICE","19.499,00 TL","","","2026-09-05T01:04:18.875Z","https://www.hoover-home.com/tr_TR/kurutma-makineleri/31102852/hre-h11a2tbe-17/","PROVEN_BY_EXACT_MANUFACTURER_TURKIYE_SURFACE_AND_AMAZON_TR_IDENTITY","EXACT_CATEGORY_IDENTITY_CONFIRMED","HIGH",""
"CATALOG_CANDIDATE_READY","DRYER","Arçelik","1201 KMX","DOMESTIC_TURKIYE_ROOTED_BRAND","B0GDTP7XLW","https://www.amazon.com.tr/dp/B0GDTP7XLW","ACTIVE_SEARCH_CARD_WITH_PRICE","39.000,00 TL","","","2026-09-05T01:04:18.875Z","https://www.arcelik.com.tr/12-kg-kurutma-makinesi/1201-kmx-kurutma-makinesi","PROVEN_BY_EXACT_MANUFACTURER_TURKIYE_SURFACE_AND_AMAZON_TR_IDENTITY","EXACT_CATEGORY_IDENTITY_CONFIRMED","HIGH",""
"CATALOG_CANDIDATE_READY","DRYER","Hoover","NR EH11N2TBEX-17","IMPORTED_OR_GLOBAL_BRAND","B0HC45HBGP","https://www.amazon.com.tr/dp/B0HC45HBGP","ACTIVE_SEARCH_CARD_WITH_PRICE","21.399,00 TL","","","2026-09-05T01:04:18.875Z","https://www.hoover-home.com/tr_TR/kurutma-makineleri/31103113/nr-eh11n2tbex-17/","PROVEN_BY_EXACT_MANUFACTURER_TURKIYE_SURFACE_AND_AMAZON_TR_IDENTITY","EXACT_CATEGORY_IDENTITY_CONFIRMED","HIGH",""
"REJECTED_UNAVAILABLE","DRYER","","Samsung DV90DG6845LEAH Kurutma Makinesi","","B0FWKS8ZFW","https://www.amazon.com.tr/dp/B0FWKS8ZFW","UNAVAILABLE_SEARCH_CARD","","","","2026-09-05T01:04:18.875Z","","NOT_PROVEN_OR_NOT_APPLICABLE","UNRESOLVED_OR_EXCLUDED","","Exact product card was present but no current offer was visible."
"REJECTED_WRONG_CATEGORY","DRYER","","Çamaşır-kurutma makinesi bağlantı istifleme kiti","","B0H8422M56","https://www.amazon.com.tr/dp/B0H8422M56","ACTIVE_SEARCH_CARD","2.880,00 TL","","","2026-09-05T01:04:18.875Z","","NOT_PROVEN_OR_NOT_APPLICABLE","REJECTED","","Accessory, not a dryer."
"CATALOG_CANDIDATE_READY","ELECTRIC_STORAGE_WATER_HEATER","DemirDöküm","DT4 Titanium Digital 65 Lt","DOMESTIC_TURKIYE_ROOTED_BRAND","B0BBBPZMPS","https://www.amazon.com.tr/dp/B0BBBPZMPS","ACTIVE_SEARCH_CARD_WITH_PRICE","19.799,00 TL","","","2026-09-05T01:04:20.402Z","https://www.demirdokum.com.tr/urunler/demirdokum-dt4-titanium-digital-21952.html","PROVEN_BY_EXACT_MANUFACTURER_TURKIYE_SURFACE_AND_AMAZON_TR_IDENTITY","EXACT_CATEGORY_IDENTITY_CONFIRMED","HIGH",""
"CATALOG_CANDIDATE_READY","ELECTRIC_STORAGE_WATER_HEATER","Vestel","TRM 50 MS","DOMESTIC_TURKIYE_ROOTED_BRAND","B0CLH2XBSR","https://www.amazon.com.tr/dp/B0CLH2XBSR","ACTIVE_SEARCH_CARD_WITH_PRICE","13.695,00 TL","","","2026-09-05T01:04:20.402Z","https://www.vestel.com.tr/vestel-trm-50-ms-termosifon-p-2313","PROVEN_BY_EXACT_MANUFACTURER_TURKIYE_SURFACE_AND_AMAZON_TR_IDENTITY","EXACT_CATEGORY_IDENTITY_CONFIRMED","HIGH",""
"CATALOG_CANDIDATE_READY","ELECTRIC_STORAGE_WATER_HEATER","Baymak","Aqua X-LED 65","DOMESTIC_TURKIYE_ROOTED_BRAND","B0FQN244PZ","https://www.amazon.com.tr/dp/B0FQN244PZ","ACTIVE_SEARCH_CARD_WITH_PRICE","13.899,00 TL","","","2026-09-05T01:04:20.402Z","https://www.baymak.com.tr/urunler/su-isiticilari/termosifonlar/baymak-aqua-x-led-prizmatik","PROVEN_BY_EXACT_MANUFACTURER_TURKIYE_SURFACE_AND_AMAZON_TR_IDENTITY","EXACT_CATEGORY_IDENTITY_CONFIRMED","HIGH",""
"PENDING_EXACT_MANUFACTURER_TURKIYE_EVIDENCE","ELECTRIC_STORAGE_WATER_HEATER","","Ariston Andris Lux 15 Lt Termosifon","","B0C2VX87RX","https://www.amazon.com.tr/dp/B0C2VX87RX","ACTIVE_SEARCH_CARD","10.980,00 TL","","","2026-09-05T01:04:20.402Z","","NOT_PROVEN_OR_NOT_APPLICABLE","UNRESOLVED_OR_EXCLUDED","","A global manufacturer model was found, but exact Türkiye technical configuration and manufacturer service/warranty applicability were not proven."
"CATALOG_CANDIDATE_READY","FILTER_COFFEE_MACHINE","Philips","HD7459/20","IMPORTED_OR_GLOBAL_BRAND","B00E385ATG","https://www.amazon.com.tr/dp/B00E385ATG","ACTIVE_SEARCH_CARD_WITH_PRICE","2.526,95 TL","","","2026-09-05T01:04:21.748Z","https://www.philips.com.tr/c-p/HD7459_20/daily-collection-kahve-makinesi","PROVEN_BY_EXACT_MANUFACTURER_TURKIYE_SURFACE_AND_AMAZON_TR_IDENTITY","EXACT_CATEGORY_IDENTITY_CONFIRMED","HIGH",""
"CATALOG_CANDIDATE_READY","FILTER_COFFEE_MACHINE","Homend","Coffeebreak 5006H","DOMESTIC_TURKIYE_ROOTED_BRAND","B07BQ5FR85","https://www.amazon.com.tr/dp/B07BQ5FR85","ACTIVE_SEARCH_CARD_WITH_PRICE","2.499,00 TL","","","2026-09-05T01:04:21.748Z","https://www.homend.com.tr/urun/homend-coffeebreak-5006h-filtre-kahve-makinesi","PROVEN_BY_EXACT_MANUFACTURER_TURKIYE_SURFACE_AND_AMAZON_TR_IDENTITY","EXACT_CATEGORY_IDENTITY_CONFIRMED","HIGH",""
"CATALOG_CANDIDATE_READY","FILTER_COFFEE_MACHINE","Arzum","AR3073 Brewtime Pro","DOMESTIC_TURKIYE_ROOTED_BRAND","B09JG7DB24","https://www.amazon.com.tr/dp/B09JG7DB24","ACTIVE_SEARCH_CARD_WITH_PRICE","3.479,00 TL","","","2026-09-05T01:04:21.748Z","https://destek.arzum.com.tr/manuals/arzum-brewtime-pro-filtre-kahve-makinesi-ar3073.pdf","PROVEN_BY_EXACT_MANUFACTURER_TURKIYE_SURFACE_AND_AMAZON_TR_IDENTITY","EXACT_CATEGORY_IDENTITY_CONFIRMED","HIGH",""
"CATALOG_CANDIDATE_READY","FILTER_COFFEE_MACHINE","Electrolux","E5CM1-6ST","IMPORTED_OR_GLOBAL_BRAND","B0BX9MGW6G","https://www.amazon.com.tr/dp/B0BX9MGW6G","ACTIVE_SEARCH_CARD_WITH_PRICE","4.793,00 TL","","","2026-09-05T01:04:21.748Z","https://www.electrolux.com.tr/kitchen/small-kitchen-appliances/coffee-makers/coffee-maker/e5cm1-6st/","PROVEN_BY_EXACT_MANUFACTURER_TURKIYE_SURFACE_AND_AMAZON_TR_IDENTITY","EXACT_CATEGORY_IDENTITY_CONFIRMED","HIGH",""
"PENDING_EXACT_MANUFACTURER_TURKIYE_EVIDENCE","FILTER_COFFEE_MACHINE","","De'Longhi ICM14011 Filtre Kahve Makinesi","","B00EUWJGQ8","https://www.amazon.com.tr/dp/B00EUWJGQ8","ACTIVE_SEARCH_CARD","4.449,00 TL","","","2026-09-05T01:04:21.748Z","","NOT_PROVEN_OR_NOT_APPLICABLE","UNRESOLVED_OR_EXCLUDED","","The exact active Amazon model lacked bounded manufacturer Türkiye support/warranty corroboration."
"CATALOG_CANDIDATE_READY","FOOD_PROCESSOR","Karaca","Mastermaid Power Multifunctional 10 in 1 Galaxy Grey","DOMESTIC_TURKIYE_ROOTED_BRAND","B09GKD8QFK","https://www.amazon.com.tr/dp/B09GKD8QFK","ACTIVE_SEARCH_CARD_WITH_PRICE","3.999,00 TL","","","2026-09-05T01:04:23.253Z","https://www.karaca.com/urun/karaca-mastermaid-power-multifunctional-10-in-1-galaxy-grey-gida-hazirlama-seti-2000w","PROVEN_BY_EXACT_MANUFACTURER_TURKIYE_SURFACE_AND_AMAZON_TR_IDENTITY","EXACT_CATEGORY_IDENTITY_CONFIRMED","HIGH",""
"CATALOG_CANDIDATE_READY","FOOD_PROCESSOR","Homend","Functionall 2843H","DOMESTIC_TURKIYE_ROOTED_BRAND","B0CV19CNLW","https://www.amazon.com.tr/dp/B0CV19CNLW","ACTIVE_SEARCH_CARD_WITH_PRICE","1.899,00 TL","","","2026-09-05T01:04:23.253Z","https://www.homend.com.tr/urun/homend-functionall-2843h-mutfak-robotu-antrasit","PROVEN_BY_EXACT_MANUFACTURER_TURKIYE_SURFACE_AND_AMAZON_TR_IDENTITY","EXACT_CATEGORY_IDENTITY_CONFIRMED","HIGH",""
"CATALOG_CANDIDATE_READY","FOOD_PROCESSOR","Karaca","x Refika Mastermaid Power 10 in 1 Swiss Cream","DOMESTIC_TURKIYE_ROOTED_BRAND","B0DG96G4CT","https://www.amazon.com.tr/dp/B0DG96G4CT","ACTIVE_SEARCH_CARD_WITH_PRICE","3.999,00 TL","","","2026-09-05T01:04:23.253Z","https://www.karaca.com/urun/karaca-x-refika-birgul-mastermaid-power-10-in-1-mutfak-robotu-swiss-cream-2000w","PROVEN_BY_EXACT_MANUFACTURER_TURKIYE_SURFACE_AND_AMAZON_TR_IDENTITY","EXACT_CATEGORY_IDENTITY_CONFIRMED","HIGH",""
"CATALOG_CANDIDATE_READY","FOOD_PROCESSOR","Homend","Functionall 2851H","DOMESTIC_TURKIYE_ROOTED_BRAND","B0GJ5TRH59","https://www.amazon.com.tr/dp/B0GJ5TRH59","ACTIVE_SEARCH_CARD_WITH_PRICE","2.518,99 TL","","","2026-09-05T01:04:23.253Z","https://www.homend.com.tr/urun/homend-functionall-2851h-mutfak-robotu-antrasit-siyah","PROVEN_BY_EXACT_MANUFACTURER_TURKIYE_SURFACE_AND_AMAZON_TR_IDENTITY","EXACT_CATEGORY_IDENTITY_CONFIRMED","HIGH",""
"REJECTED_WRONG_CATEGORY","FOOD_PROCESSOR","","Philips HR1502/00 Doğrayıcı","","B0GNS9H9GH","https://www.amazon.com.tr/dp/B0GNS9H9GH","ACTIVE_SEARCH_CARD","2.249,00 TL","","","2026-09-05T01:04:23.253Z","","NOT_PROVEN_OR_NOT_APPLICABLE","REJECTED","","Philips identifies HR1502/00 as a chopper, not the governed food-processor type."
"REJECTED_WRONG_CATEGORY","FREESTANDING_COOKER","","Arçelik FM 668 TW solo fırın komütatörü","","B0DYVQHS8P","https://www.amazon.com.tr/dp/B0DYVQHS8P","ACTIVE_SEARCH_CARD","1.228,00 TL","","","2026-09-05T01:04:29.254Z","","NOT_PROVEN_OR_NOT_APPLICABLE","REJECTED","","Spare switch, not a freestanding cooker."
"REJECTED_WRONG_CATEGORY","FREESTANDING_COOKER","","Kumtel B66-SF2 ankastre fırın","","B0FWRVBWPF","https://www.amazon.com.tr/dp/B0FWRVBWPF","ACTIVE_SEARCH_CARD","7.963,99 TL","","","2026-09-05T01:04:29.254Z","","NOT_PROVEN_OR_NOT_APPLICABLE","REJECTED","","Built-in oven, not a freestanding cooker with hob."
"CATALOG_CANDIDATE_READY","FREEZER","Kumtel","HFR-100","DOMESTIC_TURKIYE_ROOTED_BRAND","B0DYFCH1K5","https://www.amazon.com.tr/dp/B0DYFCH1K5","ACTIVE_SEARCH_CARD_WITH_PRICE","10.999,00 TL","","","2026-09-05T01:04:30.580Z","https://www.kumtel.com/hfr-100","PROVEN_BY_EXACT_MANUFACTURER_TURKIYE_SURFACE_AND_AMAZON_TR_IDENTITY","EXACT_CATEGORY_IDENTITY_CONFIRMED","HIGH",""
"CATALOG_CANDIDATE_READY","FREEZER","Arçelik","2298 JEMG","DOMESTIC_TURKIYE_ROOTED_BRAND","B0G5PWJY1S","https://www.amazon.com.tr/dp/B0G5PWJY1S","ACTIVE_SEARCH_CARD_WITH_PRICE","42.930,91 TL","","","2026-09-05T01:04:30.580Z","https://www.arcelik.com.tr/sandik-tipi-derin-dondurucu/2298-jemg-derin-dondurucu","PROVEN_BY_EXACT_MANUFACTURER_TURKIYE_SURFACE_AND_AMAZON_TR_IDENTITY","EXACT_CATEGORY_IDENTITY_CONFIRMED","HIGH",""
"PENDING_EXACT_MANUFACTURER_TURKIYE_EVIDENCE","FREEZER","","Vestel CDM601 E Dikey Derin Dondurucu","","B0CZP4HKRR","https://www.amazon.com.tr/dp/B0CZP4HKRR","ACTIVE_SEARCH_CARD","26.999,00 TL","","","2026-09-05T01:04:30.580Z","","NOT_PROVEN_OR_NOT_APPLICABLE","UNRESOLVED_OR_EXCLUDED","","Exact manufacturer model evidence was not located in the bounded pass."
"CATALOG_CANDIDATE_READY","FULLY_AUTOMATIC_ESPRESSO_MACHINE","Tchibo","Esperto2 Caffè Granit Siyah / article 176321478579","IMPORTED_OR_GLOBAL_BRAND","B0BZJ63RHF","https://www.amazon.com.tr/dp/B0BZJ63RHF","ACTIVE_SEARCH_CARD_WITH_PRICE","14.499,00 TL","","","2026-09-05T01:04:32.226Z","https://www.tchibo.com.tr/products/200762047863/esperto2-caffe-tam-otomatik-kahve-makinesi?article_id=176321478579","PROVEN_BY_EXACT_MANUFACTURER_TURKIYE_SURFACE_AND_AMAZON_TR_IDENTITY","EXACT_CATEGORY_IDENTITY_CONFIRMED","HIGH",""
"CATALOG_CANDIDATE_READY","FULLY_AUTOMATIC_ESPRESSO_MACHINE","Grundig","KVA 7230 Delisia Coffee","IMPORTED_OR_GLOBAL_BRAND","B0CN1VPF99","https://www.amazon.com.tr/dp/B0CN1VPF99","ACTIVE_SEARCH_CARD_WITH_PRICE","16.999,00 TL","","","2026-09-05T01:04:32.226Z","https://www.grundig.com.tr/espresso-makinesi/kva-7230-delisia-coffee-tam-otomatik-kahve-makinesi","PROVEN_BY_EXACT_MANUFACTURER_TURKIYE_SURFACE_AND_AMAZON_TR_IDENTITY","EXACT_CATEGORY_IDENTITY_CONFIRMED","HIGH",""
"CATALOG_CANDIDATE_READY","FULLY_AUTOMATIC_ESPRESSO_MACHINE","Philips","EP5547/90","IMPORTED_OR_GLOBAL_BRAND","B0CZ7D5DTQ","https://www.amazon.com.tr/dp/B0CZ7D5DTQ","ACTIVE_SEARCH_CARD_WITH_PRICE","22.599,00 TL","","","2026-09-05T01:04:32.226Z","https://www.philips.com.tr/c-p/EP5547_90/5500-serisi-tam-otomatik-espresso-makinesi","PROVEN_BY_EXACT_MANUFACTURER_TURKIYE_SURFACE_AND_AMAZON_TR_IDENTITY","EXACT_CATEGORY_IDENTITY_CONFIRMED","HIGH",""
"CATALOG_CANDIDATE_READY","FULLY_AUTOMATIC_ESPRESSO_MACHINE","Philips","EP3343/50","IMPORTED_OR_GLOBAL_BRAND","B0CZY1V3XP","https://www.amazon.com.tr/dp/B0CZY1V3XP","ACTIVE_SEARCH_CARD_WITH_PRICE","15.899,00 TL","","","2026-09-05T01:04:32.226Z","https://www.philips.com.tr/c-p/EP3343_50/series-3300-fully-automatic-espresso-machine","PROVEN_BY_EXACT_MANUFACTURER_TURKIYE_SURFACE_AND_AMAZON_TR_IDENTITY","EXACT_CATEGORY_IDENTITY_CONFIRMED","HIGH",""
"PENDING_EXACT_MANUFACTURER_TURKIYE_EVIDENCE","FULLY_AUTOMATIC_ESPRESSO_MACHINE","","De'Longhi ECAM292.81.B Magnifica Evo","","B09CGRQ965","https://www.amazon.com.tr/dp/B09CGRQ965","ACTIVE_SEARCH_CARD","25.999,00 TL","","","2026-09-05T01:04:32.226Z","","NOT_PROVEN_OR_NOT_APPLICABLE","UNRESOLVED_OR_EXCLUDED","","Exact Türkiye market and manufacturer after-sales applicability were not proven."
"REJECTED_UNAVAILABLE","FULLY_AUTOMATIC_ESPRESSO_MACHINE","","Philips EP2331/10","","B0CRDM9HY1","https://www.amazon.com.tr/dp/B0CRDM9HY1","UNAVAILABLE_SEARCH_CARD","","","","2026-09-05T01:04:32.226Z","","NOT_PROVEN_OR_NOT_APPLICABLE","UNRESOLVED_OR_EXCLUDED","","Exact product card was present but no current offer was visible."
"CATALOG_CANDIDATE_READY","HOB","Luxell","LX-40TAHDF Opall Siyah","DOMESTIC_TURKIYE_ROOTED_BRAND","B0DGLCL773","https://www.amazon.com.tr/dp/B0DGLCL773","ACTIVE_SEARCH_CARD_WITH_PRICE","3.650,98 TL","","","2026-09-05T01:04:33.539Z","https://www.luxell.com.tr/40-tahdf-opall-siyah-cam-ankastre-ocak","PROVEN_BY_EXACT_MANUFACTURER_TURKIYE_SURFACE_AND_AMAZON_TR_IDENTITY","EXACT_CATEGORY_IDENTITY_CONFIRMED","HIGH",""
"CATALOG_CANDIDATE_READY","HOB","Kumtel","KO-40 TAHDF Antrasit","DOMESTIC_TURKIYE_ROOTED_BRAND","B0DYDLPGHF","https://www.amazon.com.tr/dp/B0DYDLPGHF","ACTIVE_SEARCH_CARD_WITH_PRICE","4.809,00 TL","","","2026-09-05T01:04:33.539Z","https://www.kumtel.com/kumtel-antrasit-cam-ankastre-ocak-ko-40-tahdf1","PROVEN_BY_EXACT_MANUFACTURER_TURKIYE_SURFACE_AND_AMAZON_TR_IDENTITY","EXACT_CATEGORY_IDENTITY_CONFIRMED","HIGH",""
"CATALOG_CANDIDATE_READY","HOB","Hoover","HH64CC/TK","IMPORTED_OR_GLOBAL_BRAND","B0H21YDKTR","https://www.amazon.com.tr/dp/B0H21YDKTR","ACTIVE_SEARCH_CARD_WITH_PRICE","6.000,00 TL","","","2026-09-05T01:04:33.539Z","https://www.hoover-home.com/tr_TR/ankastre-ocaklar/33803628/hh64cc-tk/","PROVEN_BY_EXACT_MANUFACTURER_TURKIYE_SURFACE_AND_AMAZON_TR_IDENTITY","EXACT_CATEGORY_IDENTITY_CONFIRMED","HIGH",""
"REJECTED_WRONG_CATEGORY","HOB","","Luxell LX-420F set üstü ocak","","B0DH4V2F6V","https://www.amazon.com.tr/dp/B0DH4V2F6V","ACTIVE_SEARCH_CARD","4.699,00 TL","","","2026-09-05T01:04:33.539Z","","NOT_PROVEN_OR_NOT_APPLICABLE","REJECTED","","Set-top installation identity is outside the built-in hob category."
"REJECTED_WRONG_CATEGORY","HOB","","2500W çift pleytli portatif elektrikli ocak","","B0FDL7L1F8","https://www.amazon.com.tr/dp/B0FDL7L1F8","ACTIVE_SEARCH_CARD","2.349,00 TL","","","2026-09-05T01:04:33.539Z","","NOT_PROVEN_OR_NOT_APPLICABLE","REJECTED","","Portable generic hotplate, not a built-in hob and no exact manufacturer model."
"CATALOG_CANDIDATE_READY","INSTANTANEOUS_ELECTRIC_WATER_HEATER","King","K7008 Ekvator","DOMESTIC_TURKIYE_ROOTED_BRAND","B08BN3MQ7D","https://www.amazon.com.tr/dp/B08BN3MQ7D","ACTIVE_SEARCH_CARD_WITH_PRICE","1.600,00 TL","","","2026-09-05T01:04:39.512Z","https://www.king.com.tr/pages/dokumanlar","PROVEN_BY_EXACT_MANUFACTURER_TURKIYE_SURFACE_AND_AMAZON_TR_IDENTITY","EXACT_CATEGORY_IDENTITY_CONFIRMED","HIGH",""
"CATALOG_CANDIDATE_READY","INSTANTANEOUS_ELECTRIC_WATER_HEATER","Aura","Basic 105A6","DOMESTIC_TURKIYE_ROOTED_BRAND","B0CKLV23LT","https://www.amazon.com.tr/dp/B0CKLV23LT","ACTIVE_SEARCH_CARD_WITH_PRICE","3.097,00 TL","","","2026-09-05T01:04:39.512Z","https://www.iea.com.tr/tr/urunler/banyo-sofbenleri/aura-basic-sofben/74","PROVEN_BY_EXACT_MANUFACTURER_TURKIYE_SURFACE_AND_AMAZON_TR_IDENTITY","EXACT_CATEGORY_IDENTITY_CONFIRMED","HIGH",""
"CATALOG_CANDIDATE_READY","INSTANTANEOUS_ELECTRIC_WATER_HEATER","King","K7101 Erman","DOMESTIC_TURKIYE_ROOTED_BRAND","B0FXH86FMT","https://www.amazon.com.tr/dp/B0FXH86FMT","ACTIVE_SEARCH_CARD_WITH_PRICE","1.550,00 TL","","","2026-09-05T01:04:39.512Z","https://www.king.com.tr/products/king-erman-k7101-elektri%CC%87kli%CC%87-sofben","PROVEN_BY_EXACT_MANUFACTURER_TURKIYE_SURFACE_AND_AMAZON_TR_IDENTITY","EXACT_CATEGORY_IDENTITY_CONFIRMED","HIGH",""
"PENDING_EXACT_MANUFACTURER_TURKIYE_EVIDENCE","INSTANTANEOUS_ELECTRIC_WATER_HEATER","","Aura Premium PR105 Elektrikli Şofben","","B0CKLSD258","https://www.amazon.com.tr/dp/B0CKLSD258","ACTIVE_SEARCH_CARD","5.989,00 TL","","","2026-09-05T01:04:39.512Z","","NOT_PROVEN_OR_NOT_APPLICABLE","UNRESOLVED_OR_EXCLUDED","","Exact PR105 manufacturer configuration evidence was not located in the bounded pass."
"PENDING_EXACT_MANUFACTURER_TURKIYE_EVIDENCE","INSTANTANEOUS_ELECTRIC_WATER_HEATER","","Elektrikli Şofben 7000 Watt","","B0G6Z29V4T","https://www.amazon.com.tr/dp/B0G6Z29V4T","ACTIVE_SEARCH_CARD","1.063,05 TL","","","2026-09-05T01:04:39.512Z","","NOT_PROVEN_OR_NOT_APPLICABLE","UNRESOLVED_OR_EXCLUDED","","No brand, exact model, or manufacturer safety/support evidence was exposed."
"CATALOG_CANDIDATE_READY","MANUAL_ESPRESSO_MACHINE","Electrolux","E6EC1-6ST","IMPORTED_OR_GLOBAL_BRAND","B0BX9FSZ7T","https://www.amazon.com.tr/dp/B0BX9FSZ7T","ACTIVE_SEARCH_CARD_WITH_PRICE","6.994,00 TL","","","2026-09-05T01:04:40.928Z","https://www.electrolux.com.tr/kitchen/small-kitchen-appliances/coffee-makers/coffee-maker/e6ec1-6st/","PROVEN_BY_EXACT_MANUFACTURER_TURKIYE_SURFACE_AND_AMAZON_TR_IDENTITY","EXACT_CATEGORY_IDENTITY_CONFIRMED","HIGH",""
"CATALOG_CANDIDATE_READY","MANUAL_ESPRESSO_MACHINE","Philips","BAR300/03 Baristina","IMPORTED_OR_GLOBAL_BRAND","B0D8TSNW2L","https://www.amazon.com.tr/dp/B0D8TSNW2L","ACTIVE_SEARCH_CARD_WITH_PRICE","9.499,00 TL","","","2026-09-05T01:04:40.928Z","https://www.philips.com.tr/c-p/BAR300_03/baristina-espresso-machine","PROVEN_BY_EXACT_MANUFACTURER_TURKIYE_SURFACE_AND_AMAZON_TR_IDENTITY","EXACT_CATEGORY_IDENTITY_CONFIRMED","HIGH",""
"CATALOG_CANDIDATE_READY","MANUAL_ESPRESSO_MACHINE","Homend","Coffeebreak 5011H","DOMESTIC_TURKIYE_ROOTED_BRAND","B0F3CQH8M5","https://www.amazon.com.tr/dp/B0F3CQH8M5","ACTIVE_SEARCH_CARD_WITH_PRICE","4.499,00 TL","","","2026-09-05T01:04:40.928Z","https://www.homend.com.tr/urun/homend-coffeebreak-5011h-manuel-1100w-espresso-makinesi","PROVEN_BY_EXACT_MANUFACTURER_TURKIYE_SURFACE_AND_AMAZON_TR_IDENTITY","EXACT_CATEGORY_IDENTITY_CONFIRMED","HIGH",""
"PENDING_EXACT_MANUFACTURER_TURKIYE_EVIDENCE","MANUAL_ESPRESSO_MACHINE","","De'Longhi ECP31.21","","B013GDEAI0","https://www.amazon.com.tr/dp/B013GDEAI0","ACTIVE_SEARCH_CARD","11.199,60 TL","","","2026-09-05T01:04:40.928Z","","NOT_PROVEN_OR_NOT_APPLICABLE","UNRESOLVED_OR_EXCLUDED","","Global exact model evidence alone did not establish Türkiye technical and after-sales applicability."
"PENDING_EXACT_MANUFACTURER_TURKIYE_EVIDENCE","MANUAL_ESPRESSO_MACHINE","","De'Longhi EC890.GR Dedica Duo","","B0DWFVBL9V","https://www.amazon.com.tr/dp/B0DWFVBL9V","ACTIVE_SEARCH_CARD","15.900,00 TL","","","2026-09-05T01:04:40.928Z","","NOT_PROVEN_OR_NOT_APPLICABLE","UNRESOLVED_OR_EXCLUDED","","Global exact model evidence alone did not establish Türkiye technical and after-sales applicability."
"CATALOG_CANDIDATE_READY","RANGE_HOOD","Electrolux","KFIB19X","IMPORTED_OR_GLOBAL_BRAND","B07XFG4S98","https://www.amazon.com.tr/dp/B07XFG4S98","ACTIVE_SEARCH_CARD_WITH_PRICE","79.999,00 TL","","","2026-09-05T01:04:42.244Z","https://www.electrolux.com.tr/kitchen/cooking/cooker-hoods/island-hood/kfib19x/","PROVEN_BY_EXACT_MANUFACTURER_TURKIYE_SURFACE_AND_AMAZON_TR_IDENTITY","EXACT_CATEGORY_IDENTITY_CONFIRMED","HIGH",""
"CATALOG_CANDIDATE_READY","RANGE_HOOD","Teka","DF 60 Inox","IMPORTED_OR_GLOBAL_BRAND","B08912XS6J","https://www.amazon.com.tr/dp/B08912XS6J","ACTIVE_SEARCH_CARD_WITH_PRICE","6.190,00 TL","","","2026-09-05T01:04:42.244Z","https://www.teka.com/tr-tr/wp-content/uploads/sites/16/2022/08/teka-fiyat-katalogu_26.pdf","PROVEN_BY_EXACT_MANUFACTURER_TURKIYE_SURFACE_AND_AMAZON_TR_IDENTITY","EXACT_CATEGORY_IDENTITY_CONFIRMED","HIGH",""
"CATALOG_CANDIDATE_READY","RANGE_HOOD","Teka","DBT 60 Siyah","IMPORTED_OR_GLOBAL_BRAND","B0C3RGBYQ6","https://www.amazon.com.tr/dp/B0C3RGBYQ6","ACTIVE_SEARCH_CARD_WITH_PRICE","6.809,00 TL","","","2026-09-05T01:04:42.244Z","https://www.teka.com/tr-tr/wp-content/uploads/sites/16/2022/08/teka-fiyat-katalogu_26.pdf","PROVEN_BY_EXACT_MANUFACTURER_TURKIYE_SURFACE_AND_AMAZON_TR_IDENTITY","EXACT_CATEGORY_IDENTITY_CONFIRMED","HIGH",""
"CATALOG_CANDIDATE_READY","RANGE_HOOD","Kumtel","DA6-835 Beyaz Rustik","DOMESTIC_TURKIYE_ROOTED_BRAND","B0CBSY4Q55","https://www.amazon.com.tr/dp/B0CBSY4Q55","ACTIVE_SEARCH_CARD_WITH_PRICE","3.148,99 TL","","","2026-09-05T01:04:42.244Z","https://www.kumtel.com/ankastre-davlumbazlar","PROVEN_BY_EXACT_MANUFACTURER_TURKIYE_SURFACE_AND_AMAZON_TR_IDENTITY","EXACT_CATEGORY_IDENTITY_CONFIRMED","HIGH",""
"REJECTED_WRONG_CATEGORY","RANGE_HOOD","","Davlumbaz karbon filtre","","B0H4BVYP5F","https://www.amazon.com.tr/dp/B0H4BVYP5F","ACTIVE_SEARCH_CARD","","","","2026-09-05T01:04:42.244Z","","NOT_PROVEN_OR_NOT_APPLICABLE","REJECTED","","Replacement filter/accessory, not a range hood."
"CATALOG_CANDIDATE_READY","REFRIGERATOR","Teka","RMF 77920 SS EU / 113430009","IMPORTED_OR_GLOBAL_BRAND","B07TX2JPL6","https://www.amazon.com.tr/dp/B07TX2JPL6","ACTIVE_SEARCH_CARD_WITH_PRICE","141.990,00 TL","","","2026-09-05T01:04:43.659Z","https://www.teka.com/tr-tr/urun/rmf-77920_113430009/","PROVEN_BY_EXACT_MANUFACTURER_TURKIYE_SURFACE_AND_AMAZON_TR_IDENTITY","EXACT_CATEGORY_IDENTITY_CONFIRMED","HIGH",""
"CATALOG_CANDIDATE_READY","REFRIGERATOR","Samsung","RF57C510ESR/TR","IMPORTED_OR_GLOBAL_BRAND","B0DKFT7NVJ","https://www.amazon.com.tr/dp/B0DKFT7NVJ","ACTIVE_SEARCH_CARD_WITH_PRICE","95.899,00 TL","","","2026-09-05T01:04:43.659Z","https://www.samsung.com/tr/business/refrigerators/french-door/rf5000a-550l-silver-rf57c510esr-tr/","PROVEN_BY_EXACT_MANUFACTURER_TURKIYE_SURFACE_AND_AMAZON_TR_IDENTITY","EXACT_CATEGORY_IDENTITY_CONFIRMED","HIGH",""
"CATALOG_CANDIDATE_READY","REFRIGERATOR","Samsung","RB58DS75ESA/TR","IMPORTED_OR_GLOBAL_BRAND","B0FVYTWYXF","https://www.amazon.com.tr/dp/B0FVYTWYXF","ACTIVE_SEARCH_CARD_WITH_PRICE","62.599,00 TL","","","2026-09-05T01:04:43.659Z","https://www.samsung.com/tr/home-appliances-10-year-warranty/","PROVEN_BY_EXACT_MANUFACTURER_TURKIYE_SURFACE_AND_AMAZON_TR_IDENTITY","EXACT_CATEGORY_IDENTITY_CONFIRMED","HIGH",""
"CATALOG_CANDIDATE_READY","REFRIGERATOR","Arçelik","270475 MB","DOMESTIC_TURKIYE_ROOTED_BRAND","B0GC9LYM64","https://www.amazon.com.tr/dp/B0GC9LYM64","ACTIVE_SEARCH_CARD_WITH_PRICE","47.999,00 TL","","","2026-09-05T01:04:43.659Z","https://www.arcelik.com.tr/no-frost-buzdolabi/270475-mb-buzdolabi","PROVEN_BY_EXACT_MANUFACTURER_TURKIYE_SURFACE_AND_AMAZON_TR_IDENTITY","EXACT_CATEGORY_IDENTITY_CONFIRMED","HIGH",""
"PENDING_EXACT_MANUFACTURER_TURKIYE_EVIDENCE","REFRIGERATOR","","Vestel NF52111 No-Frost Buzdolabı","","B0CY5BKLN6","https://www.amazon.com.tr/dp/B0CY5BKLN6","ACTIVE_SEARCH_CARD","35.499,00 TL","","","2026-09-05T01:04:43.659Z","","NOT_PROVEN_OR_NOT_APPLICABLE","UNRESOLVED_OR_EXCLUDED","","Exact manufacturer model corroboration was not located in the bounded pass."
"CATALOG_CANDIDATE_READY","ROBOT_VACUUM","TP-Link Tapo","RV20 Max","IMPORTED_OR_GLOBAL_BRAND","B0DQV76SR6","https://www.amazon.com.tr/dp/B0DQV76SR6","ACTIVE_SEARCH_CARD_WITH_PRICE","9.499,00 TL","","","2026-09-05T01:04:51.570Z","https://www.tp-link.com/tr/smart-home/robot-vacuum/tapo-rv20-max/","PROVEN_BY_EXACT_MANUFACTURER_TURKIYE_SURFACE_AND_AMAZON_TR_IDENTITY","EXACT_CATEGORY_IDENTITY_CONFIRMED","HIGH",""
"CATALOG_CANDIDATE_READY","ROBOT_VACUUM","Philips","XU5100/10","IMPORTED_OR_GLOBAL_BRAND","B0FVLZ5L9P","https://www.amazon.com.tr/dp/B0FVLZ5L9P","ACTIVE_SEARCH_CARD_WITH_PRICE","21.949,23 TL","","","2026-09-05T01:04:51.570Z","https://www.philips.com.tr/c-p/XU5100_10/homerun-5000-series-vacuum-and-mop-robot","PROVEN_BY_EXACT_MANUFACTURER_TURKIYE_SURFACE_AND_AMAZON_TR_IDENTITY","EXACT_CATEGORY_IDENTITY_CONFIRMED","HIGH",""
"CATALOG_CANDIDATE_READY","ROBOT_VACUUM","Philips","XU2100/15","IMPORTED_OR_GLOBAL_BRAND","B0FVYCGMQY","https://www.amazon.com.tr/dp/B0FVYCGMQY","ACTIVE_SEARCH_CARD_WITH_PRICE","16.999,00 TL","","","2026-09-05T01:04:51.570Z","https://www.philips.com.tr/c-p/XU2100_15/2000-series/destek","PROVEN_BY_EXACT_MANUFACTURER_TURKIYE_SURFACE_AND_AMAZON_TR_IDENTITY","EXACT_CATEGORY_IDENTITY_CONFIRMED","HIGH",""
"CATALOG_CANDIDATE_READY","ROBOT_VACUUM","Xiaomi","Robot Vacuum S40 Pro / OV71GL","IMPORTED_OR_GLOBAL_BRAND","B0FX5MSQFH","https://www.amazon.com.tr/dp/B0FX5MSQFH","ACTIVE_SEARCH_CARD_WITH_PRICE","17.499,00 TL","","","2026-09-05T01:04:51.570Z","https://www.mi.com/tr/product/xiaomi-robot-vacuum-s40-pro/specs/","PROVEN_BY_EXACT_MANUFACTURER_TURKIYE_SURFACE_AND_AMAZON_TR_IDENTITY","EXACT_CATEGORY_IDENTITY_CONFIRMED","HIGH",""
"PENDING_EXACT_MANUFACTURER_TURKIYE_EVIDENCE","ROBOT_VACUUM","","Roborock S8 Pro Robot Süpürge","","B0F7J1BKVV","https://www.amazon.com.tr/dp/B0F7J1BKVV","ACTIVE_SEARCH_CARD","15.300,00 TL","","","2026-09-05T01:04:51.570Z","","NOT_PROVEN_OR_NOT_APPLICABLE","UNRESOLVED_OR_EXCLUDED","","Exact Türkiye manufacturer/support and warranty applicability were not proven in the bounded pass."
"CATALOG_CANDIDATE_READY","SPLIT_AIR_CONDITIONER","Samsung","AR60F12C1KW/SK","IMPORTED_OR_GLOBAL_BRAND","B0751MGPQ3","https://www.amazon.com.tr/dp/B0751MGPQ3","ACTIVE_SEARCH_CARD_WITH_PRICE","37.999,00 TL","","","2026-09-05T01:04:53.064Z","https://www.samsung.com/tr/air-conditioners/wall-mount/ar9500t-ar70f12caawneu-ai-fast---comfort-cooling--ai-fast---comfort-cooling--comfort-drying-for-cold-free-dehumidification-ar60f12c1kw-sk/","PROVEN_BY_EXACT_MANUFACTURER_TURKIYE_SURFACE_AND_AMAZON_TR_IDENTITY","EXACT_CATEGORY_IDENTITY_CONFIRMED","HIGH",""
"CATALOG_CANDIDATE_READY","SPLIT_AIR_CONDITIONER","Arçelik","09325 A","DOMESTIC_TURKIYE_ROOTED_BRAND","B0DW4F66KM","https://www.amazon.com.tr/dp/B0DW4F66KM","ACTIVE_SEARCH_CARD_WITH_PRICE","37.199,00 TL","","","2026-09-05T01:04:53.064Z","https://www.arcelik.com.tr/9000-btu-klima/09325-a-klima","PROVEN_BY_EXACT_MANUFACTURER_TURKIYE_SURFACE_AND_AMAZON_TR_IDENTITY","EXACT_CATEGORY_IDENTITY_CONFIRMED","HIGH",""
"CATALOG_CANDIDATE_READY","SPLIT_AIR_CONDITIONER","Arçelik","15325 S","DOMESTIC_TURKIYE_ROOTED_BRAND","B0G5PYLMG9","https://www.amazon.com.tr/dp/B0G5PYLMG9","ACTIVE_SEARCH_CARD_WITH_PRICE","30.500,00 TL","","","2026-09-05T01:04:53.064Z","https://www.arcelik.com.tr/15000-btu-klima/15325-s-klima","PROVEN_BY_EXACT_MANUFACTURER_TURKIYE_SURFACE_AND_AMAZON_TR_IDENTITY","EXACT_CATEGORY_IDENTITY_CONFIRMED","HIGH",""
"PENDING_EXACT_CONFIGURATION_IDENTITY","SPLIT_AIR_CONDITIONER","","TCL SaveIN 12000 BTU Split Klima","","B0H6213TJL","https://www.amazon.com.tr/dp/B0H6213TJL","ACTIVE_SEARCH_CARD","29.082,85 TL","","","2026-09-05T01:04:53.064Z","","NOT_PROVEN_OR_NOT_APPLICABLE","UNRESOLVED_OR_EXCLUDED","","Amazon did not expose the exact indoor/outdoor package identifiers; a European family page could not establish the Türkiye package or installation/warranty scope."
"REJECTED_WRONG_CATEGORY","SPLIT_AIR_CONDITIONER","","Split klima hava yönlendirici","","B0GXPGGBDR","https://www.amazon.com.tr/dp/B0GXPGGBDR","ACTIVE_SEARCH_CARD","430,10 TL","","","2026-09-05T01:04:53.064Z","","NOT_PROVEN_OR_NOT_APPLICABLE","REJECTED","","Accessory, not an air conditioner."
"CATALOG_CANDIDATE_READY","TURKISH_COFFEE_MACHINE","Arzum","OK006 OKKA Minio Duo Bakır","DOMESTIC_TURKIYE_ROOTED_BRAND","B07QM7DF9T","https://www.amazon.com.tr/dp/B07QM7DF9T","ACTIVE_SEARCH_CARD_WITH_PRICE","3.207,46 TL","","","2026-09-05T01:04:54.443Z","https://www.arzum.com.tr/Data/EditorFiles/katalog/Arzum%20Ihracat%20Katalogu%202020-1%20LoRes.pdf","PROVEN_BY_EXACT_MANUFACTURER_TURKIYE_SURFACE_AND_AMAZON_TR_IDENTITY","EXACT_CATEGORY_IDENTITY_CONFIRMED","HIGH",""
"CATALOG_CANDIDATE_READY","TURKISH_COFFEE_MACHINE","Arzum","OK0010 OKKA Minio Pro Bakır","DOMESTIC_TURKIYE_ROOTED_BRAND","B0844LSWD3","https://www.amazon.com.tr/dp/B0844LSWD3","ACTIVE_SEARCH_CARD_WITH_PRICE","2.599,00 TL","","","2026-09-05T01:04:54.443Z","https://www.arzum.com.tr/Data/EditorFiles/katalog/Arzum%20Ihracat%20Katalogu%202020-1%20LoRes.pdf","PROVEN_BY_EXACT_MANUFACTURER_TURKIYE_SURFACE_AND_AMAZON_TR_IDENTITY","EXACT_CATEGORY_IDENTITY_CONFIRMED","HIGH",""
"CATALOG_CANDIDATE_READY","TURKISH_COFFEE_MACHINE","Philips","HDA150/60","IMPORTED_OR_GLOBAL_BRAND","B0CNW7VGW4","https://www.amazon.com.tr/dp/B0CNW7VGW4","ACTIVE_SEARCH_CARD_WITH_PRICE","2.049,00 TL","","","2026-09-05T01:04:54.443Z","https://www.philips.com.tr/c-p/HDA150_60/series-5000-turkish-coffee-maker","PROVEN_BY_EXACT_MANUFACTURER_TURKIYE_SURFACE_AND_AMAZON_TR_IDENTITY","EXACT_CATEGORY_IDENTITY_CONFIRMED","HIGH",""
"CATALOG_CANDIDATE_READY","TURKISH_COFFEE_MACHINE","Karaca","Hatır Neo Inox","DOMESTIC_TURKIYE_ROOTED_BRAND","B0FWDF9JD9","https://www.amazon.com.tr/dp/B0FWDF9JD9","ACTIVE_SEARCH_CARD_WITH_PRICE","2.859,61 TL","","","2026-09-05T01:04:54.443Z","https://www.karaca.com/turk-kahve-makinesi","PROVEN_BY_EXACT_MANUFACTURER_TURKIYE_SURFACE_AND_AMAZON_TR_IDENTITY","EXACT_CATEGORY_IDENTITY_CONFIRMED","HIGH",""
"PENDING_EXACT_CONFIGURATION_IDENTITY","TURKISH_COFFEE_MACHINE","","Arzum OK004-54 Minio Sorgül Buğdayı","","B0FQ5FBVQZ","https://www.amazon.com.tr/dp/B0FQ5FBVQZ","ACTIVE_SEARCH_CARD","1.739,00 TL","","","2026-09-05T01:04:54.443Z","","NOT_PROVEN_OR_NOT_APPLICABLE","UNRESOLVED_OR_EXCLUDED","","This overlaps the current OK004 family while the exact -54 color/configuration identity and non-duplication require a dedicated variant review."
"CATALOG_CANDIDATE_READY","VACUUM","Electrolux","PC91-8STM","IMPORTED_OR_GLOBAL_BRAND","B07PN75PW1","https://www.amazon.com.tr/dp/B07PN75PW1","ACTIVE_SEARCH_CARD_WITH_PRICE","9.899,00 TL","","","2026-09-05T01:04:56.101Z","https://www.electrolux.com.tr/vacuums-home-comfort/vacuum-cleaners/bagless-vacuum-cleaners/bagless-vacuum-cleaner/pc91-8stm/","PROVEN_BY_EXACT_MANUFACTURER_TURKIYE_SURFACE_AND_AMAZON_TR_IDENTITY","EXACT_CATEGORY_IDENTITY_CONFIRMED","HIGH",""
"CATALOG_CANDIDATE_READY","VACUUM","Samsung","VC07R302MVR/TR","IMPORTED_OR_GLOBAL_BRAND","B0817R9NYQ","https://www.amazon.com.tr/dp/B0817R9NYQ","ACTIVE_SEARCH_CARD_WITH_PRICE","4.311,01 TL","","","2026-09-05T01:04:56.101Z","https://www.samsung.com/tr/support/model/VC07R302MVR/TR/","PROVEN_BY_EXACT_MANUFACTURER_TURKIYE_SURFACE_AND_AMAZON_TR_IDENTITY","EXACT_CATEGORY_IDENTITY_CONFIRMED","HIGH",""
"CATALOG_CANDIDATE_READY","VACUUM","Philips","XB2123/09","IMPORTED_OR_GLOBAL_BRAND","B08P7WBBXP","https://www.amazon.com.tr/dp/B08P7WBBXP","ACTIVE_SEARCH_CARD_WITH_PRICE","5.299,00 TL","","","2026-09-05T01:04:56.101Z","https://www.philips.com.tr/c-p/XB2123_09/2000-serisi-torbasiz-elektrikli-suepuerge","PROVEN_BY_EXACT_MANUFACTURER_TURKIYE_SURFACE_AND_AMAZON_TR_IDENTITY","EXACT_CATEGORY_IDENTITY_CONFIRMED","HIGH",""
"CATALOG_CANDIDATE_READY","VACUUM","Philips","FC9749/07","IMPORTED_OR_GLOBAL_BRAND","B0FDX2GJGJ","https://www.amazon.com.tr/dp/B0FDX2GJGJ","ACTIVE_SEARCH_CARD_WITH_PRICE","8.999,62 TL","","","2026-09-05T01:04:56.101Z","https://www.philips.com.tr/c-p/FC9749_07/powerpro-max-torbasiz-elektrikli-suepuerge","PROVEN_BY_EXACT_MANUFACTURER_TURKIYE_SURFACE_AND_AMAZON_TR_IDENTITY","EXACT_CATEGORY_IDENTITY_CONFIRMED","HIGH",""
"REJECTED_DUPLICATE_LISTING","VACUUM","","Philips FC9749/07 PowerPro Max","","B0BLHDCP7R","https://www.amazon.com.tr/dp/B0BLHDCP7R","ACTIVE_SEARCH_CARD","8.989,00 TL","","","2026-09-05T01:04:56.101Z","","NOT_PROVEN_OR_NOT_APPLICABLE","UNRESOLVED_OR_EXCLUDED","","A second active ASIN for the same exact FC9749/07 identity; B0FDX2GJGJ is the selected portfolio listing."
"CATALOG_CANDIDATE_READY","WASHING_MACHINE","Samsung","WW90TA046AH/AH","IMPORTED_OR_GLOBAL_BRAND","B099ZQLXQV","https://www.amazon.com.tr/dp/B099ZQLXQV","ACTIVE_SEARCH_CARD_WITH_PRICE","35.990,00 TL","","","2026-09-05T01:05:02.676Z","https://www.samsung.com/tr/support/model/WW90TA046AH/AH/","PROVEN_BY_EXACT_MANUFACTURER_TURKIYE_SURFACE_AND_AMAZON_TR_IDENTITY","EXACT_CATEGORY_IDENTITY_CONFIRMED","HIGH",""
"CATALOG_CANDIDATE_READY","WASHING_MACHINE","Samsung","WW11DG6B25LEAH","IMPORTED_OR_GLOBAL_BRAND","B0G4DDZZD7","https://www.amazon.com.tr/dp/B0G4DDZZD7","ACTIVE_SEARCH_CARD_WITH_PRICE","35.999,00 TL","","","2026-09-05T01:05:02.676Z","https://www.samsung.com/tr/washers-and-dryers/washing-machines/ww6000d-front-loading-smartthings-ai-energy-mode-a-10-percent-extra-energy-efficiency-11kg-essential-white-ww11dg6b25leah/","PROVEN_BY_EXACT_MANUFACTURER_TURKIYE_SURFACE_AND_AMAZON_TR_IDENTITY","EXACT_CATEGORY_IDENTITY_CONFIRMED","HIGH",""
"CATALOG_CANDIDATE_READY","WASHING_MACHINE","Arçelik","10120 IMP","DOMESTIC_TURKIYE_ROOTED_BRAND","B0GCC5NT1Z","https://www.amazon.com.tr/dp/B0GCC5NT1Z","ACTIVE_SEARCH_CARD_WITH_PRICE","42.999,00 TL","","","2026-09-05T01:05:02.676Z","https://www.arcelik.com.tr/10-kg-camasir-makinesi/10120-imp-camasir-makinesi","PROVEN_BY_EXACT_MANUFACTURER_TURKIYE_SURFACE_AND_AMAZON_TR_IDENTITY","EXACT_CATEGORY_IDENTITY_CONFIRMED","HIGH",""
"CATALOG_CANDIDATE_READY","WASHING_MACHINE","Vestel","CMI 97402 WIFI","DOMESTIC_TURKIYE_ROOTED_BRAND","B0GGDKT3JP","https://www.amazon.com.tr/dp/B0GGDKT3JP","ACTIVE_SEARCH_CARD_WITH_PRICE","29.499,00 TL","","","2026-09-05T01:05:02.676Z","https://statik.vestel.com.tr/webfiles/20350198_k.pdf","PROVEN_BY_EXACT_MANUFACTURER_TURKIYE_SURFACE_AND_AMAZON_TR_IDENTITY","EXACT_CATEGORY_IDENTITY_CONFIRMED","HIGH",""
"CATALOG_CANDIDATE_READY","WASHING_MACHINE","Altus","AL CM 101254 D","DOMESTIC_TURKIYE_ROOTED_BRAND","B0H6BNV8TG","https://www.amazon.com.tr/dp/B0H6BNV8TG","ACTIVE_SEARCH_CARD_WITH_PRICE","32.979,00 TL","","","2026-09-05T01:05:02.676Z","https://www.altus.com.tr/urunler/camasir-makinesi/camasir-makinesi-al-cm-101254-d","PROVEN_BY_EXACT_MANUFACTURER_TURKIYE_SURFACE_AND_AMAZON_TR_IDENTITY","EXACT_CATEGORY_IDENTITY_CONFIRMED","HIGH",""
"REJECTED_CURRENT_SCOPE_DUPLICATE","WASHING_MACHINE","","Samsung WW11DB8B95GBAH","","B0DFCHC7FT","https://www.amazon.com.tr/dp/B0DFCHC7FT","ACTIVE_SEARCH_CARD","43.199,00 TL","","","2026-09-05T01:05:02.676Z","","NOT_PROVEN_OR_NOT_APPLICABLE","UNRESOLVED_OR_EXCLUDED","","Already present in the frozen 97-product current scope and therefore not an assortment expansion candidate."
"REJECTED_WRONG_CATEGORY","WASHING_MACHINE","","Samsung WD11DG5B15BBAH Kurutmalı Çamaşır Makinesi","","B0FWKM26HG","https://www.amazon.com.tr/dp/B0FWKM26HG","ACTIVE_SEARCH_CARD","55.599,00 TL","","","2026-09-05T01:05:02.676Z","","NOT_PROVEN_OR_NOT_APPLICABLE","REJECTED","","Washer-dryer combination, not the governed washing-machine-only category."
