brand,model,product_year,powertrain,trim,fuel,transmission,list_price_try,campaign_price_try,plant,source_model_id,source_page_label,observed_at,source_url,source_endpoint
Hyundai,i20,2026,1.0 T-GDI 90PS MT,Jump,Benzin,Manuel,1487000,1480000,HAOS,SW|S6||,i20 - Yerli Üretim,2026-08-15T21:58:10.751Z,https://www.hyundai.com/tr/tr/satis/fiyat-listesi.html,https://org-eu-www.hyundai.com/eu/papi
Hyundai,i20,2026,1.0 T-GDI 90PS MT,Jump (GSR2C & E-Call),Benzin,Manuel,1507000,1500000,HAOS,SW|S6||,i20 - Yerli Üretim,2026-08-15T21:58:10.751Z,https://www.hyundai.com/tr/tr/satis/fiyat-listesi.html,https://org-eu-www.hyundai.com/eu/papi
Hyundai,i20,2026,1.0 T-GDI 90PS DCT,Jump,Benzin,DCT,1654000,1654000,HAOS,SW|S6||,i20 - Yerli Üretim,2026-08-15T21:58:10.751Z,https://www.hyundai.com/tr/tr/satis/fiyat-listesi.html,https://org-eu-www.hyundai.com/eu/papi
Hyundai,i20,2026,1.0 T-GDI 90PS DCT,Jump (GSR2C & E-Call),Benzin,DCT,1674000,1674000,HAOS,SW|S6||,i20 - Yerli Üretim,2026-08-15T21:58:10.751Z,https://www.hyundai.com/tr/tr/satis/fiyat-listesi.html,https://org-eu-www.hyundai.com/eu/papi
Hyundai,i20,2026,1.0 T-GDI 90PS DCT,Style,Benzin,DCT,1816000,1686000,HAOS,SW|S6||,i20 - Yerli Üretim,2026-08-15T21:58:10.751Z,https://www.hyundai.com/tr/tr/satis/fiyat-listesi.html,https://org-eu-www.hyundai.com/eu/papi
Hyundai,i20,2026,1.0 T-GDI 90PS DCT,Style GSR2C,Benzin,DCT,1831000,1701000,HAOS,SW|S6||,i20 - Yerli Üretim,2026-08-15T21:58:10.751Z,https://www.hyundai.com/tr/tr/satis/fiyat-listesi.html,https://org-eu-www.hyundai.com/eu/papi
Hyundai,i20,2026,1.0 T-GDI 90PS DCT,Style (GSR2C & E-Call),Benzin,DCT,1831000,1701000,HAOS,SW|S6||,i20 - Yerli Üretim,2026-08-15T21:58:10.751Z,https://www.hyundai.com/tr/tr/satis/fiyat-listesi.html,https://org-eu-www.hyundai.com/eu/papi
Hyundai,i20,2026,1.0 T-GDI 90PS DCT,Elite,Benzin,DCT,1978000,1805304,HAOS,SW|S6||,i20 - Yerli Üretim,2026-08-15T21:58:10.751Z,https://www.hyundai.com/tr/tr/satis/fiyat-listesi.html,https://org-eu-www.hyundai.com/eu/papi
Hyundai,i20,2026,1.0 T-GDI 90PS DCT,Elite GSR2C,Benzin,DCT,1993000,1819887,HAOS,SW|S6||,i20 - Yerli Üretim,2026-08-15T21:58:10.751Z,https://www.hyundai.com/tr/tr/satis/fiyat-listesi.html,https://org-eu-www.hyundai.com/eu/papi
Hyundai,i20,2026,1.0 T-GDI 90PS DCT,Elite (GSR2C & E-Call),Benzin,DCT,2003000,1829610,HAOS,SW|S6||,i20 - Yerli Üretim,2026-08-15T21:58:10.751Z,https://www.hyundai.com/tr/tr/satis/fiyat-listesi.html,https://org-eu-www.hyundai.com/eu/papi
Hyundai,i30,2026,1.6 T-GDI 150 PS DCT,Comfort,Benzin,DCT,1944000,1944000,HMMC,G4|S6||,i30,2026-08-15T21:58:10.751Z,https://www.hyundai.com/tr/tr/satis/fiyat-listesi.html,https://org-eu-www.hyundai.com/eu/papi
Hyundai,i30,2026,1.6 T-GDI 150 PS DCT,Prime,Benzin,DCT,2250000,2250000,HMMC,G4|S6||,i30,2026-08-15T21:58:10.751Z,https://www.hyundai.com/tr/tr/satis/fiyat-listesi.html,https://org-eu-www.hyundai.com/eu/papi
Hyundai,BAYON,2026,1.0 T-GDI 90 PS DCT,Jump,Benzin,DCT,1647000,1567000,HAOS,SW|W5||,BAYON - Yerli Üretim,2026-08-15T21:58:10.751Z,https://www.hyundai.com/tr/tr/satis/fiyat-listesi.html,https://org-eu-www.hyundai.com/eu/papi
Hyundai,BAYON,2026,1.0 T-GDI 90 PS MT,Jump,Benzin,Manuel,1587000,1570000,HAOS,SW|W5||,BAYON - Yerli Üretim,2026-08-15T21:58:10.751Z,https://www.hyundai.com/tr/tr/satis/fiyat-listesi.html,https://org-eu-www.hyundai.com/eu/papi
Hyundai,BAYON,2026,1.0 T-GDI 90 PS DCT,Jump (GSR2C & E-Call),Benzin,DCT,1667000,1587000,HAOS,SW|W5||,BAYON - Yerli Üretim,2026-08-15T21:58:10.751Z,https://www.hyundai.com/tr/tr/satis/fiyat-listesi.html,https://org-eu-www.hyundai.com/eu/papi
Hyundai,BAYON,2026,1.0 T-GDI 90 PS DCT,Style,Benzin,DCT,1965000,1770666,HAOS,SW|W5||,BAYON - Yerli Üretim,2026-08-15T21:58:10.751Z,https://www.hyundai.com/tr/tr/satis/fiyat-listesi.html,https://org-eu-www.hyundai.com/eu/papi
Hyundai,BAYON,2026,1.0 T-GDI 90 PS DCT,Style GSR2C,Benzin,DCT,1980000,1785248,HAOS,SW|W5||,BAYON - Yerli Üretim,2026-08-15T21:58:10.751Z,https://www.hyundai.com/tr/tr/satis/fiyat-listesi.html,https://org-eu-www.hyundai.com/eu/papi
Hyundai,BAYON,2026,1.0 T-GDI 90 PS DCT,Style (GSR2C & E-Call),Benzin,DCT,1980000,1785248,HAOS,SW|W5||,BAYON - Yerli Üretim,2026-08-15T21:58:10.751Z,https://www.hyundai.com/tr/tr/satis/fiyat-listesi.html,https://org-eu-www.hyundai.com/eu/papi
Hyundai,BAYON,2026,1.0 T-GDI 90 PS DCT,Elite,Benzin,DCT,2103000,1968000,HAOS,SW|W5||,BAYON - Yerli Üretim,2026-08-15T21:58:10.751Z,https://www.hyundai.com/tr/tr/satis/fiyat-listesi.html,https://org-eu-www.hyundai.com/eu/papi
Hyundai,BAYON,2026,1.0 T-GDI 90 PS DCT,Elite GSR2C,Benzin,DCT,2115000,1980000,HAOS,SW|W5||,BAYON - Yerli Üretim,2026-08-15T21:58:10.751Z,https://www.hyundai.com/tr/tr/satis/fiyat-listesi.html,https://org-eu-www.hyundai.com/eu/papi
Hyundai,BAYON,2026,1.0 T-GDI 90 PS DCT,Elite (GSR2C & E-Call),Benzin,DCT,2125000,1990000,HAOS,SW|W5||,BAYON - Yerli Üretim,2026-08-15T21:58:10.751Z,https://www.hyundai.com/tr/tr/satis/fiyat-listesi.html,https://org-eu-www.hyundai.com/eu/papi
Hyundai,KONA,2025,1.6 T-GDI 180 PS DCT,Prime,Benzin,DCT,2344050,2263050,HMC,1E|W5||,KONA,2026-08-15T21:58:10.751Z,https://www.hyundai.com/tr/tr/satis/fiyat-listesi.html,https://org-eu-www.hyundai.com/eu/papi
Hyundai,KONA,2026,1.6 T-GDI 180 PS DCT,Prime,Benzin,DCT,2384050,2303050,HMC,1E|W5||,KONA,2026-08-15T21:58:10.751Z,https://www.hyundai.com/tr/tr/satis/fiyat-listesi.html,https://org-eu-www.hyundai.com/eu/papi
Hyundai,TUCSON,2025,1.6 CRDi 136 PS 4x4 DCT,Elite Plus,Dizel,DCT,3682000,3592000,HMMC,GT|W5||,TUCSON,2026-08-15T21:58:10.751Z,https://www.hyundai.com/tr/tr/satis/fiyat-listesi.html,https://org-eu-www.hyundai.com/eu/papi
Hyundai,TUCSON,2026,1.6 T-GDI 180 PS 4x2 DCT,Comfort,Benzin,DCT,2577000,2386974,HMMC,GT|W5||,TUCSON,2026-08-15T21:58:10.751Z,https://www.hyundai.com/tr/tr/satis/fiyat-listesi.html,https://org-eu-www.hyundai.com/eu/papi
Hyundai,TUCSON,2026,1.6 T-GDI 180 PS 4x2 DCT,Prime,Benzin,DCT,2771000,2679000,HMMC,GT|W5||,TUCSON,2026-08-15T21:58:10.751Z,https://www.hyundai.com/tr/tr/satis/fiyat-listesi.html,https://org-eu-www.hyundai.com/eu/papi
Hyundai,TUCSON,2026,1.6 T-GDI 180 PS 4x2 DCT,Elite,Benzin,DCT,3378000,3248000,HMMC,GT|W5||,TUCSON,2026-08-15T21:58:10.751Z,https://www.hyundai.com/tr/tr/satis/fiyat-listesi.html,https://org-eu-www.hyundai.com/eu/papi
Hyundai,TUCSON,2026,1.6 T-GDI 180 PS 4x4 DCT,Elite Plus,Benzin,DCT,3715000,3585000,HMMC,GT|W5||,TUCSON,2026-08-15T21:58:10.751Z,https://www.hyundai.com/tr/tr/satis/fiyat-listesi.html,https://org-eu-www.hyundai.com/eu/papi
Hyundai,TUCSON,2026,1.6 CRDi 136 PS 4x4 DCT,Comfort Sunroof,Dizel,DCT,2679000,2679000,HMMC,GT|W5||,TUCSON,2026-08-15T21:58:10.751Z,https://www.hyundai.com/tr/tr/satis/fiyat-listesi.html,https://org-eu-www.hyundai.com/eu/papi
Hyundai,INSTER,2025,"71,1 kW",Dynamic,Elektrik,Otomatik,1550000,1400000,HMC,6X|S5||,INSTER,2026-08-15T21:58:10.751Z,https://www.hyundai.com/tr/tr/satis/fiyat-listesi.html,https://org-eu-www.hyundai.com/eu/papi
Hyundai,INSTER,2025,"84,5 kW",Advance,Elektrik,Otomatik,1790000,1640000,HMC,6X|S5||,INSTER,2026-08-15T21:58:10.751Z,https://www.hyundai.com/tr/tr/satis/fiyat-listesi.html,https://org-eu-www.hyundai.com/eu/papi
Hyundai,INSTER,2025,"84,5 kW",Cross Advance,Elektrik,Otomatik,1840000,1690000,HMC,6X|S5||,INSTER,2026-08-15T21:58:10.751Z,https://www.hyundai.com/tr/tr/satis/fiyat-listesi.html,https://org-eu-www.hyundai.com/eu/papi
Hyundai,KONA Elektrik,2025,99 kW,Advance,Elektrik,Otomatik,2377500,2237500,HMMC,7F|W5||,KONA Elektrik,2026-08-15T21:58:10.751Z,https://www.hyundai.com/tr/tr/satis/fiyat-listesi.html,https://org-eu-www.hyundai.com/eu/papi
Hyundai,KONA Elektrik,2026,99 kW,Advance (GSR-2-C),Elektrik,Otomatik,2417500,2277500,HMMC,7F|W5||,KONA Elektrik,2026-08-15T21:58:10.751Z,https://www.hyundai.com/tr/tr/satis/fiyat-listesi.html,https://org-eu-www.hyundai.com/eu/papi
Hyundai,IONIQ 5,2026,125 kW,Dynamic Visionroof,Elektrik,Otomatik,3150000,2484602,HMC,GI|W5||,IONIQ 5,2026-08-15T21:58:10.751Z,https://www.hyundai.com/tr/tr/satis/fiyat-listesi.html,https://org-eu-www.hyundai.com/eu/papi
Hyundai,IONIQ 5,2026,160 kW,Advance,Elektrik,Otomatik,3490000,3490000,HMC,GI|W5||,IONIQ 5,2026-08-15T21:58:10.751Z,https://www.hyundai.com/tr/tr/satis/fiyat-listesi.html,https://org-eu-www.hyundai.com/eu/papi
Hyundai,IONIQ 5 N,2025,448 kW 4x4,N,Elektrik,Otomatik,6205000,5800000,HMC,9I|W5||,IONIQ 5 N,2026-08-15T21:58:10.751Z,https://www.hyundai.com/tr/tr/satis/fiyat-listesi.html,https://org-eu-www.hyundai.com/eu/papi
Hyundai,Yeni IONIQ 6,2026,125 kW Standart Menzil,Advance,Elektrik,Otomatik,3225000,2483000,HMC,AL|*||,Yeni IONIQ 6,2026-08-15T21:58:10.751Z,https://www.hyundai.com/tr/tr/satis/fiyat-listesi.html,https://org-eu-www.hyundai.com/eu/papi
Hyundai,Yeni IONIQ 6,2026,160 kW Uzun Menzil,Progressive,Elektrik,Otomatik,3725000,3725000,HMC,AL|*||,Yeni IONIQ 6,2026-08-15T21:58:10.751Z,https://www.hyundai.com/tr/tr/satis/fiyat-listesi.html,https://org-eu-www.hyundai.com/eu/papi
Hyundai,IONIQ 9,2026,160kW (218PS) 4x2,Progressive,Elektrik,Otomatik,5810000,5810000,HMC,GO|*||,IONIQ 9,2026-08-15T21:58:10.751Z,https://www.hyundai.com/tr/tr/satis/fiyat-listesi.html,https://org-eu-www.hyundai.com/eu/papi
Hyundai,IONIQ 9,2026,226kW (307PS) 4x4,Calligraphy,Elektrik,Otomatik,6960000,6960000,HMC,GO|*||,IONIQ 9,2026-08-15T21:58:10.751Z,https://www.hyundai.com/tr/tr/satis/fiyat-listesi.html,https://org-eu-www.hyundai.com/eu/papi
Hyundai,TUCSON Hibrit,2025,1.6 T-GDI 215 PS HEV 4x2 AT,Elite,Benzin,Otomatik,3720000,3720000,HMMC,JF|W5|EV1|,TUCSON Hibrit,2026-08-15T21:58:10.751Z,https://www.hyundai.com/tr/tr/satis/fiyat-listesi.html,https://org-eu-www.hyundai.com/eu/papi
Hyundai,SANTA FE Hibrit,2026,1.6 T-GDI HEV 239PS 4x4,Progressive,Benzin,Otomatik,5950000,5950000,HMC,HK|*|EV1|,SANTA FE Hibrit,2026-08-15T21:58:10.751Z,https://www.hyundai.com/tr/tr/satis/fiyat-listesi.html,https://org-eu-www.hyundai.com/eu/papi
Hyundai,STARIA Hibrit,2025,1.6 T-GDI 225 PS HEV AT 4x2,Elite,Benzin,Otomatik,2721000,2590000,HMC,7R|B9|*|,STARIA Hibrit,2026-08-15T21:58:10.751Z,https://www.hyundai.com/tr/tr/satis/fiyat-listesi.html,https://org-eu-www.hyundai.com/eu/papi
