configuration_id,generation_id,powertrain_id,market,model_year,trim_name,official_configuration_name,availability_status,availability_from,availability_to,configuration_status,legacy_trim_text,legacy_source_id,notes
CFG-000001,GEN-000001,PWR-000001,TR,2026,evolution plus,Yeni Renault Clio evolution plus TCe EDC 115 hp,CURRENT,,,PROVISIONAL,evolution plus,PILOT-01,Official Renault technical/configurator page. Downgraded: generation identity remains PROVISIONAL; re-verify before promotion.
CFG-000002,GEN-000002,PWR-000002,TR,2026,Easy,Egea Sedan Easy 1.6 M.Jet 130 HP 6MT,CURRENT,,,PROVISIONAL,Easy,PILOT-02,Resolved from current 2026 Fiat price list + official model technical page. Downgraded: generation identity remains PROVISIONAL; re-verify before promotion.
CFG-000003,GEN-000003,PWR-000003,TR,2026,Dream,Corolla 1.8 Hybrid Dream e-CVT,CURRENT,,,PROVISIONAL,Dream,PILOT-03,Current official price list + Jan 2026 technical brochure. Downgraded: generation identity remains PROVISIONAL; re-verify before promotion.
CFG-000004,GEN-000004,PWR-000004,TR,2026,GL Elegance,Vitara 1.4 MHEV 6AT AllGrip 4x4 GL Elegance,CURRENT,,,PROVISIONAL,GL Elegance,PILOT-04,Official Suzuki 2026 price list + technical page. Downgraded: generation identity remains PROVISIONAL; re-verify before promotion.
CFG-000005,GEN-000005,PWR-000005,TR,2026,Design,BYD SEAL U DM-i 1.5L Design,CURRENT,,,PROVISIONAL,Design,PILOT-05,Official BYD Türkiye product page + Mar 2026 technical brochure. Downgraded: generation identity remains PROVISIONAL; re-verify before promotion.
CFG-000006,GEN-000006,PWR-000006,TR,2026,Prestige,Kia EV3 Electric Prestige,CURRENT,,,PROVISIONAL,Prestige,PILOT-06,Official Kia Türkiye 2026 price list + EV3 technical page. Downgraded: generation identity remains PROVISIONAL; re-verify before promotion.
CFG-000007,GEN-000007,PWR-000007,TR,2026,V2,Togg T10X V2 RWD Uzun Menzil,CURRENT,,,PROVISIONAL,V2 RWD Uzun Menzil,PILOT-07,Current official Togg price list effective 2026-06-15. Downgraded: generation identity remains PROVISIONAL; re-verify before promotion.
CFG-000008,GEN-000008,PWR-000008,TR,2026,Expression,Yeni Sandero Stepway Expression Eco-G 120 auto,CURRENT,,,PROVISIONAL,Expression,PILOT-08,Official Dacia Türkiye version/configurator page. Downgraded: generation identity remains PROVISIONAL; re-verify before promotion.
CFG-000009,GEN-000009,PWR-000009,TR,2026,Jump,i20 Jump 1.0 T-GDI 90 PS 7DCT,CURRENT,,,VERIFIED,Jump,SCALE_BATCH_01,Exact Turkey configuration observed in official model/trim material.
CFG-000010,GEN-000009,PWR-000009,TR,2026,Style,i20 Style 1.0 T-GDI 90 PS 7DCT,CURRENT,,,VERIFIED,Style,SCALE_BATCH_01,Exact Turkey configuration observed in official model/trim material.
CFG-000011,GEN-000009,PWR-000009,TR,2026,Elite,i20 Elite 1.0 T-GDI 90 PS 7DCT,CURRENT,,,VERIFIED,Elite,SCALE_BATCH_01,Exact Turkey configuration observed in official model/trim material.
CFG-000012,GEN-000010,PWR-000010,TR,2026,Elegance+,Civic Elegance+ 1.5L VTEC Turbo ECO LPG CVT,CURRENT,,,VERIFIED,Elegance+,SCALE_BATCH_01,Exact Turkey configuration observed in official model/trim material.
CFG-000013,GEN-000010,PWR-000010,TR,2026,Executive+,Civic Executive+ 1.5L VTEC Turbo ECO LPG CVT,CURRENT,,,VERIFIED,Executive+,SCALE_BATCH_01,Exact Turkey configuration observed in official model/trim material.
CFG-000014,GEN-000011,PWR-000011,TR,2026,N-Connecta,Qashqai N-Connecta 1.3 DIG-T Mild Hybrid X-Tronic,CURRENT,,,VERIFIED,N-Connecta,SCALE_BATCH_01,Exact Turkey configuration observed in official model/trim material.
CFG-000015,GEN-000011,PWR-000012,TR,2026,Skypack,Qashqai Skypack e-POWER 190,CURRENT,,,VERIFIED,Skypack,SCALE_BATCH_01,Exact Turkey configuration observed in official model/trim material.
CFG-000016,GEN-000012,PWR-000013,TR,2026,Combi Sportline,Octavia Combi Combi Sportline 1.5 TSI mHEV 150 PS DSG,CURRENT,,,VERIFIED,Combi Sportline,SCALE_BATCH_01,Exact Turkey configuration observed in official model/trim material.
CFG-000017,GEN-000013,PWR-000014,TR,2026,Extreme,Jogger Extreme Eco-G 120 auto,CURRENT,,,PROVISIONAL,Extreme,SCALE_BATCH_01,Turkey model availability confirmed; exact configuration remains provisional pending a current trim matrix.
CFG-000018,GEN-000014,PWR-000015,TR,2026,techno esprit Alpine,Austral techno esprit Alpine full hybrid E-Tech 200 hp,CURRENT,,,VERIFIED,techno esprit Alpine,SCALE_BATCH_01,Exact Turkey configuration observed in official model/trim material.
CFG-000019,GEN-000015,PWR-000016,TR,2026,Hybrid Flame,C-HR Hybrid Flame 1.8 Hybrid 140 e-CVT,CURRENT,,,VERIFIED,Hybrid Flame,SCALE_BATCH_01,Exact Turkey configuration observed in official model/trim material.
CFG-000020,GEN-000015,PWR-000016,TR,2026,Hybrid Passion,C-HR Hybrid Passion 1.8 Hybrid 140 e-CVT,CURRENT,,,VERIFIED,Hybrid Passion,SCALE_BATCH_01,Exact Turkey configuration observed in official model/trim material.
CFG-000021,GEN-000016,PWR-000017,TR,2026,Crosstar,Jazz e:HEV Crosstar 1.5L Hybrid e-CVT,CURRENT,,,VERIFIED,Crosstar,SCALE_BATCH_01,Exact Turkey configuration observed in official model/trim material.
CFG-000022,GEN-000017,PWR-000018,TR,2026,Xclusive,Crosstrek Xclusive 2.0i e-BOXER Lineartronic AWD,CURRENT,,,VERIFIED,Xclusive,SCALE_BATCH_01,Exact Turkey configuration observed in official model/trim material.
CFG-000023,GEN-000018,PWR-000019,TR,2026,Impulse,Formentor Impulse 1.5 eTSI 150 PS DSG mHEV,CURRENT,,,VERIFIED,Impulse,SCALE_BATCH_01,Exact Turkey configuration observed in official model/trim material.
CFG-000024,GEN-000018,PWR-000020,TR,2026,VZ,Formentor VZ 1.5 e-HYBRID 272 PS DSG,CURRENT,,,VERIFIED,VZ,SCALE_BATCH_01,Exact Turkey configuration observed in official model/trim material.
CFG-000025,GEN-000019,PWR-000021,TR,2026,Luxury,HS Hybrid+ Luxury 1.5 Turbo Hybrid+ 224 PS,CURRENT,,,VERIFIED,Luxury,SCALE_BATCH_01,Exact Turkey configuration observed in official model/trim material.
CFG-000026,GEN-000020,PWR-000022,TR,2026,e-Prestige 60,Elroq e-Prestige 60 60 61 kWh 140 kW,CURRENT,,,VERIFIED,e-Prestige 60,SCALE_BATCH_01,Exact Turkey configuration observed in official model/trim material.
CFG-000027,GEN-000021,PWR-000023,TR,2026,Combi Prestige,Superb Combi Combi Prestige 1.5 TSI mHEV 150 PS DSG,CURRENT,,,VERIFIED,Combi Prestige,SCALE_BATCH_01,Exact Turkey configuration observed in official model/trim material.
CFG-000028,GEN-000022,PWR-000024,TR,2026,Style,Forester e-BOXER Style 2.0i e-BOXER Lineartronic AWD,CURRENT,,,PROVISIONAL,Style,SCALE_BATCH_01,Turkey model availability confirmed; exact configuration remains provisional pending a current trim matrix.
CFG-000029,GEN-000023,PWR-000025,TR,2026,Premium,Scala Premium 1.0 TSI 115 PS DSG,CURRENT,,,PROVISIONAL,Premium,SCALE_BATCH_01,Turkey model availability confirmed; exact configuration remains provisional pending a current trim matrix.
