model_id,brand,model_name,body_family,market_relevance_tr,source_catalog_status,legacy_source_id,notes
MOD-000001,Renault,Clio,HATCHBACK,CURRENT,RESMI_KAYNAKTAN_DERLENDI,PILOT-01,2026 micro-pilot: conventional petrol / compact urban
MOD-000002,Fiat,Egea Sedan,SEDAN,CURRENT,RESMI_KAYNAKTAN_DERLENDI,PILOT-02,2026 micro-pilot: diesel / mainstream sedan
MOD-000003,Toyota,Corolla Sedan,SEDAN,CURRENT,RESMI_KAYNAKTAN_DERLENDI,PILOT-03,2026 micro-pilot: HEV / compact family sedan
MOD-000004,Suzuki,Vitara,SUV,CURRENT,RESMI_KAYNAKTAN_DERLENDI,PILOT-04,2026 micro-pilot: MHEV + AllGrip / compact AWD SUV
MOD-000005,BYD,SEAL U DM-i,SUV,CURRENT,RESMI_KAYNAKTAN_DERLENDI,PILOT-05,2026 micro-pilot: PHEV
MOD-000006,Kia,EV3,SUV,CURRENT,RESMI_KAYNAKTAN_DERLENDI,PILOT-06,2026 micro-pilot: BEV / compact SUV
MOD-000007,Togg,T10X,SUV,CURRENT,RESMI_KAYNAKTAN_DERLENDI,PILOT-07,2026 micro-pilot: BEV / Turkey-local source ecosystem
MOD-000008,Dacia,Sandero Stepway,HATCHBACK,CURRENT,RESMI_KAYNAKTAN_DERLENDI,PILOT-08,2026 micro-pilot: LPG+petrol dual-fuel / compact crossover
MOD-000009,Hyundai,i20,HATCHBACK,CURRENT,RESMI_KAYNAKTAN_DERLENDI,SCALE_BATCH_01,SCALE_BATCH_01 MAINSTREAM: Urban footprint and current locally produced mainstream hatch; petrol/DCT coverage.
MOD-000010,Honda,Civic,SEDAN,CURRENT,RESMI_KAYNAKTAN_DERLENDI,SCALE_BATCH_01,SCALE_BATCH_01 MAINSTREAM: Turkey-relevant LPG sedan and family-use benchmark.
MOD-000011,Nissan,Qashqai,SUV,CURRENT,RESMI_KAYNAKTAN_DERLENDI,SCALE_BATCH_01,SCALE_BATCH_01 MAINSTREAM: High-relevance C-SUV with distinct MHEV and e-POWER architectures.
MOD-000012,Škoda,Octavia Combi,WAGON,CURRENT,RESMI_KAYNAKTAN_DERLENDI,SCALE_BATCH_01,"SCALE_BATCH_01 MAINSTREAM: Practical-family wagon coverage, underrepresented in the pilot."
MOD-000013,Dacia,Jogger,MPV,CURRENT,RESMI_KAYNAKTAN_DERLENDI,SCALE_BATCH_01,SCALE_BATCH_01 MAINSTREAM: Seven-seat/practical family role and value-led discovery use case.
MOD-000014,Renault,Austral,SUV,CURRENT,RESMI_KAYNAKTAN_DERLENDI,SCALE_BATCH_01,SCALE_BATCH_01 MAINSTREAM: Full-hybrid family SUV and long-range mainstream role.
MOD-000015,Toyota,C-HR,SUV,CURRENT,RESMI_KAYNAKTAN_DERLENDI,SCALE_BATCH_01,SCALE_BATCH_01 MAINSTREAM: Locally produced HEV crossover with exact 2026 trim matrix.
MOD-000016,Honda,Jazz e:HEV,HATCHBACK,CURRENT,RESMI_KAYNAKTAN_DERLENDI,SCALE_BATCH_01,SCALE_BATCH_01 MAINSTREAM: Space-efficient HEV hatch with exact current Turkey trim.
MOD-000017,Subaru,Crosstrek,SUV,CURRENT,RESMI_KAYNAKTAN_DERLENDI,SCALE_BATCH_01,"SCALE_BATCH_01 DISCOVERY: AWD, 220 mm clearance and rough-road/camping relevance."
MOD-000018,CUPRA,Formentor,SUV,CURRENT,RESMI_KAYNAKTAN_DERLENDI,SCALE_BATCH_01,SCALE_BATCH_01 DISCOVERY: Discovery-oriented CUV; adds both MHEV and long-range PHEV evidence.
MOD-000019,MG,HS Hybrid+,SUV,CURRENT,RESMI_KAYNAKTAN_DERLENDI,SCALE_BATCH_01,SCALE_BATCH_01 DISCOVERY: New Turkey-market high-power HEV family SUV alternative.
MOD-000020,Škoda,Elroq,SUV,CURRENT,RESMI_KAYNAKTAN_DERLENDI,SCALE_BATCH_01,SCALE_BATCH_01 DISCOVERY: Current Turkey-market BEV with structured battery/range/charging evidence.
MOD-000021,Škoda,Superb Combi,WAGON,CURRENT,RESMI_KAYNAKTAN_DERLENDI,SCALE_BATCH_01,SCALE_BATCH_01 MAINSTREAM: Large practical-family wagon alternative.
MOD-000022,Subaru,Forester e-BOXER,SUV,CURRENT,RESMI_KAYNAKTAN_DERLENDI,SCALE_BATCH_01,SCALE_BATCH_01 DISCOVERY: Family-size AWD rough-road discovery candidate.
MOD-000023,Škoda,Scala,HATCHBACK,CURRENT,RESMI_KAYNAKTAN_DERLENDI,SCALE_BATCH_01,SCALE_BATCH_01 MAINSTREAM: Practical C-hatch bridge between city car and family wagon.
MOD-000024,Ford,Ranger,PICKUP,CURRENT,RESMI_KAYNAKTAN_DERLENDI,SCALE_BATCH_02,SCALE_BATCH_02 MAINSTREAM: pickup; towing; diesel long-distance; rough-road.
MOD-000025,Toyota,Land Cruiser Prado,SUV,CURRENT,RESMI_KAYNAKTAN_DERLENDI,SCALE_BATCH_02,SCALE_BATCH_02 MAINSTREAM: real 4x4; towing; large family; diesel long-distance.
MOD-000026,Hyundai,Bayon,SUV,CURRENT,RESMI_KAYNAKTAN_DERLENDI,SCALE_BATCH_02,SCALE_BATCH_02 MAINSTREAM: small B-SUV; urban; mainstream price/size bridge.
MOD-000027,Hyundai,INSTER,HATCHBACK,CURRENT,RESMI_KAYNAKTAN_DERLENDI,SCALE_BATCH_02,SCALE_BATCH_02 MAINSTREAM: city hatch; affordable EV; urban EV.
MOD-000028,Hyundai,IONIQ 6,SEDAN,CURRENT,RESMI_KAYNAKTAN_DERLENDI,SCALE_BATCH_02,SCALE_BATCH_02 DISCOVERY: long-range EV; efficient fastback; premium alternative.
MOD-000029,Hyundai,IONIQ 5 N,HATCHBACK,CURRENT,RESMI_KAYNAKTAN_DERLENDI,SCALE_BATCH_02,SCALE_BATCH_02 DISCOVERY: performance EV; AWD; premium alternative.
MOD-000030,Hyundai,IONIQ 9,SUV,CURRENT,RESMI_KAYNAKTAN_DERLENDI,SCALE_BATCH_02,SCALE_BATCH_02 DISCOVERY: large 7-seat SUV; family EV; long-range EV; towing.
MOD-000031,Hyundai,STARIA HEV,MPV,CURRENT,RESMI_KAYNAKTAN_DERLENDI,SCALE_BATCH_02,SCALE_BATCH_02 DISCOVERY: MPV; passenger van; 9-seat; large family.
MOD-000032,Hyundai,SANTA FE,SUV,CURRENT,RESMI_KAYNAKTAN_DERLENDI,SCALE_BATCH_02,SCALE_BATCH_02 MAINSTREAM: large 7-seat SUV; HEV + AWD; family; towing.
MOD-000033,Citroën,Berlingo,MPV,CURRENT,RESMI_KAYNAKTAN_DERLENDI,SCALE_BATCH_02,SCALE_BATCH_02 MAINSTREAM: passenger van; cargo-oriented family; diesel long-distance.
MOD-000034,Citroën,Berlingo Van,VAN,CURRENT,RESMI_KAYNAKTAN_DERLENDI,SCALE_BATCH_02,SCALE_BATCH_02 MAINSTREAM: commercial/practical van; cargo.
MOD-000035,BYD,SEALION 7,SUV,CURRENT,RESMI_KAYNAKTAN_DERLENDI,SCALE_BATCH_02,SCALE_BATCH_02 DISCOVERY: family EV; long-range EV; performance EV; BEV AWD.
MOD-000036,MINI,Countryman Electric,SUV,CURRENT,RESMI_KAYNAKTAN_DERLENDI,SCALE_BATCH_02,SCALE_BATCH_02 DISCOVERY: premium alternative; family EV; BEV AWD.
MOD-000037,Peugeot,3008,SUV,CURRENT,RESMI_KAYNAKTAN_DERLENDI,SCALE_BATCH_02,SCALE_BATCH_02 MAINSTREAM: family EV; fastback; mainstream premium bridge.
MOD-000038,Suzuki,Jimny,SUV,CURRENT,RESMI_KAYNAKTAN_DERLENDI,SCALE_BATCH_02,SCALE_BATCH_02 DISCOVERY: real 4x4; compact off-road; rough-road; camping.
MOD-000039,Volkswagen,Polo,HATCHBACK,CURRENT,RESMI_KAYNAKTAN_DERLENDI,SCALE_BATCH_03,SCALE_BATCH_03 MAINSTREAM: B city hatch; urban automatic; first car.
MOD-000040,Volkswagen,Golf,HATCHBACK,CURRENT,RESMI_KAYNAKTAN_DERLENDI,SCALE_BATCH_03,SCALE_BATCH_03 MAINSTREAM: C-hatch; family; long-distance.
MOD-000041,Volkswagen,T-Roc,SUV,CURRENT,RESMI_KAYNAKTAN_DERLENDI,SCALE_BATCH_03,SCALE_BATCH_03 MAINSTREAM: B/C-SUV; urban family; mainstream alternative.
MOD-000042,Opel,Corsa,HATCHBACK,CURRENT,RESMI_KAYNAKTAN_DERLENDI,SCALE_BATCH_03,SCALE_BATCH_03 MAINSTREAM: B city hatch; fuel-efficient urban; automatic.
MOD-000043,Renault,Captur,SUV,CURRENT,RESMI_KAYNAKTAN_DERLENDI,SCALE_BATCH_03,SCALE_BATCH_03 MAINSTREAM: B-SUV; urban automatic; small family.
MOD-000044,Dacia,Duster,SUV,CURRENT,RESMI_KAYNAKTAN_DERLENDI,SCALE_BATCH_03,SCALE_BATCH_03 MAINSTREAM: LPG affordability; rough-road family; camping.
MOD-000045,Dacia,Logan,SEDAN,CURRENT,RESMI_KAYNAKTAN_DERLENDI,SCALE_BATCH_03,SCALE_BATCH_03 MAINSTREAM: entry sedan; LPG affordability; practical family.
MOD-000046,Toyota,Yaris Cross,SUV,CURRENT,RESMI_KAYNAKTAN_DERLENDI,SCALE_BATCH_03,SCALE_BATCH_03 MAINSTREAM: B-SUV; HEV city; small family.
MOD-000047,Nissan,X-Trail,SUV,CURRENT,RESMI_KAYNAKTAN_DERLENDI,SCALE_BATCH_03,SCALE_BATCH_03 MAINSTREAM: 7-seat family; HEV AWD; long-distance.
MOD-000048,Kia,Sportage,SUV,CURRENT,RESMI_KAYNAKTAN_DERLENDI,SCALE_BATCH_03,SCALE_BATCH_03 MAINSTREAM: mainstream family SUV; HEV AWD.
MOD-000049,Peugeot,408,HATCHBACK,CURRENT,RESMI_KAYNAKTAN_DERLENDI,SCALE_BATCH_03,SCALE_BATCH_03 MAINSTREAM: fastback; family practical non-SUV; upper-mainstream.
MOD-000050,Citroën,ë-C3,HATCHBACK,CURRENT,RESMI_KAYNAKTAN_DERLENDI,SCALE_BATCH_03,SCALE_BATCH_03 MAINSTREAM: affordable urban EV; first EV; city hatch.
MOD-000051,BMW,320i Sedan,SEDAN,CURRENT,RESMI_KAYNAKTAN_DERLENDI,SCALE_BATCH_03,SCALE_BATCH_03 DISCOVERY: premium non-EV; performance; long-distance.
MOD-000052,Leapmotor,T03,HATCHBACK,CURRENT,RESMI_KAYNAKTAN_DERLENDI,SCALE_BATCH_03,SCALE_BATCH_03 DISCOVERY: affordable urban EV; compact discovery.
MOD-000053,KGM,Torres,SUV,CURRENT,RESMI_KAYNAKTAN_DERLENDI,SCALE_BATCH_03,SCALE_BATCH_03 DISCOVERY: rough-road discovery; large family; utility.
MOD-000054,Volvo,XC60,SUV,CURRENT,RESMI_KAYNAKTAN_DERLENDI,SCALE_BATCH_03,SCALE_BATCH_03 DISCOVERY: premium family; MHEV AWD; towing.
MOD-000055,Chery,Tiggo 7 Pro,SUV,CURRENT,RESMI_KAYNAKTAN_DERLENDI,SCALE_BATCH_03,SCALE_BATCH_03 DISCOVERY: discovery family SUV; alternative mainstream.
