queue_id,subject_id,fact_key,priority,collection_status,preferred_source_type,assigned_method,attempt_count,last_attempt_at,result,notes
QUE-000001,CFG-000001,identity_exact_configuration,P0,COMPLETE,A1_OFFICIAL_MARKET,WEB,2,46248,FOUND,P0 closure pass completed.
QUE-000002,CFG-000001,dimensions_core,P0,COMPLETE,A1_OFFICIAL_MARKET,WEB,2,46248,FOUND,P0 closure pass completed.
QUE-000003,CFG-000001,cargo_volume_l,P0,COMPLETE,A1_OFFICIAL_MARKET,WEB,2,46248,FOUND,P0 closure pass completed.
QUE-000004,CFG-000001,ground_clearance_mm,P0,COMPLETE,A1_OFFICIAL_MARKET,WEB,2,46248,FOUND,P0 closure pass completed.
QUE-000005,CFG-000001,efficiency_or_range_core,P0,COMPLETE,A1_OFFICIAL_MARKET,WEB,2,46248,FOUND,P0 closure pass completed.
QUE-000006,CFG-000001,equipment_mvp_core,P0,COMPLETE,A1_OFFICIAL_MARKET,WEB,2,46248,FOUND,P0 closure pass completed.
QUE-000007,CFG-000002,identity_exact_configuration,P0,COMPLETE,A1_OFFICIAL_MARKET,WEB,2,46248,FOUND,Resolved by selecting exact current Easy 1.6 M.Jet 130 HP 6MT configuration.
QUE-000008,CFG-000002,dimensions_core,P0,COMPLETE,A1_OFFICIAL_MARKET,WEB,2,46248,FOUND,P0 closure pass completed.
QUE-000009,CFG-000002,cargo_volume_l,P0,COMPLETE,A1_OFFICIAL_MARKET,WEB,2,46248,FOUND,P0 closure pass completed.
QUE-000010,CFG-000002,ground_clearance_mm,P0,COMPLETE,A1_OFFICIAL_MARKET,WEB,2,46248,NOT_FOUND,Official Turkey P0 sources searched; no authoritative value found. Kept UNKNOWN.
QUE-000011,CFG-000002,efficiency_or_range_core,P0,COMPLETE,A1_OFFICIAL_MARKET,WEB,2,46248,NOT_FOUND,Official Turkey P0 sources searched; no authoritative value found. Kept UNKNOWN.
QUE-000012,CFG-000002,equipment_mvp_core,P0,COMPLETE,A1_OFFICIAL_MARKET,WEB,2,46248,FOUND,P0 closure pass completed.
QUE-000013,CFG-000003,identity_exact_configuration,P0,COMPLETE,A1_OFFICIAL_MARKET,WEB,2,46248,FOUND,P0 closure pass completed.
QUE-000014,CFG-000003,dimensions_core,P0,COMPLETE,A1_OFFICIAL_MARKET,WEB,2,46248,FOUND,P0 closure pass completed.
QUE-000015,CFG-000003,cargo_volume_l,P0,COMPLETE,A1_OFFICIAL_MARKET,WEB,2,46248,FOUND,P0 closure pass completed.
QUE-000016,CFG-000003,ground_clearance_mm,P0,COMPLETE,A1_OFFICIAL_MARKET,WEB,2,46248,NOT_FOUND,No official Turkey ground-clearance value found; kept UNKNOWN.
QUE-000017,CFG-000003,efficiency_or_range_core,P0,COMPLETE,A1_OFFICIAL_MARKET,WEB,2,46248,FOUND,P0 closure pass completed.
QUE-000018,CFG-000003,equipment_mvp_core,P0,COMPLETE,A1_OFFICIAL_MARKET,WEB,2,46248,FOUND,P0 closure pass completed.
QUE-000019,CFG-000004,identity_exact_configuration,P0,COMPLETE,A1_OFFICIAL_MARKET,WEB,2,46248,FOUND,P0 closure pass completed.
QUE-000020,CFG-000004,dimensions_core,P0,COMPLETE,A1_OFFICIAL_MARKET,WEB,2,46248,FOUND,P0 closure pass completed.
QUE-000021,CFG-000004,cargo_volume_l,P0,COMPLETE,A1_OFFICIAL_MARKET,WEB,2,46248,FOUND,P0 closure pass completed.
QUE-000022,CFG-000004,ground_clearance_mm,P0,COMPLETE,A1_OFFICIAL_MARKET,WEB,2,46248,FOUND,P0 closure pass completed.
QUE-000023,CFG-000004,efficiency_or_range_core,P0,COMPLETE,A1_OFFICIAL_MARKET,WEB,2,46248,FOUND,P0 closure pass completed.
QUE-000024,CFG-000004,equipment_mvp_core,P0,COMPLETE,A1_OFFICIAL_MARKET,WEB,2,46248,FOUND,P0 closure pass completed.
QUE-000025,CFG-000005,identity_exact_configuration,P0,COMPLETE,A1_OFFICIAL_MARKET,WEB,2,46248,FOUND,P0 closure pass completed.
QUE-000026,CFG-000005,dimensions_core,P0,COMPLETE,A1_OFFICIAL_MARKET,WEB,2,46248,FOUND,P0 closure pass completed.
QUE-000027,CFG-000005,cargo_volume_l,P0,COMPLETE,A1_OFFICIAL_MARKET,WEB,2,46248,FOUND,P0 closure pass completed.
QUE-000028,CFG-000005,ground_clearance_mm,P0,COMPLETE,A1_OFFICIAL_MARKET,WEB,2,46248,NOT_FOUND,No official BYD Turkey ground-clearance value found; kept UNKNOWN.
QUE-000029,CFG-000005,efficiency_or_range_core,P0,COMPLETE,A1_OFFICIAL_MARKET,WEB,2,46248,FOUND,P0 closure pass completed.
QUE-000030,CFG-000005,equipment_mvp_core,P0,COMPLETE,A1_OFFICIAL_MARKET,WEB,2,46248,FOUND,P0 closure pass completed.
QUE-000031,CFG-000006,identity_exact_configuration,P0,COMPLETE,A1_OFFICIAL_MARKET,WEB,2,46248,FOUND,P0 closure pass completed.
QUE-000032,CFG-000006,dimensions_core,P0,COMPLETE,A1_OFFICIAL_MARKET,WEB,2,46248,FOUND,P0 closure pass completed.
QUE-000033,CFG-000006,cargo_volume_l,P0,COMPLETE,A1_OFFICIAL_MARKET,WEB,2,46248,FOUND,P0 closure pass completed.
QUE-000034,CFG-000006,ground_clearance_mm,P0,COMPLETE,A1_OFFICIAL_MARKET,WEB,2,46248,FOUND,P0 closure pass completed.
QUE-000035,CFG-000006,efficiency_or_range_core,P0,COMPLETE,A1_OFFICIAL_MARKET,WEB,2,46248,FOUND,P0 closure pass completed.
QUE-000036,CFG-000006,equipment_mvp_core,P0,COMPLETE,A1_OFFICIAL_MARKET,WEB,2,46248,FOUND,P0 closure pass completed.
QUE-000037,CFG-000007,identity_exact_configuration,P0,IN_PROGRESS,A1_OFFICIAL_MARKET,WEB,2,46248,PENDING,Togg closure retracted: exact generation/configuration applicability remains UNVERIFIED/PARTIAL.
QUE-000038,CFG-000007,dimensions_core,P0,COMPLETE,A1_OFFICIAL_MARKET,WEB,2,46248,NOT_FOUND,No current official Turkey dimensions set safely located in closure pass; kept UNKNOWN.
QUE-000039,CFG-000007,cargo_volume_l,P0,COMPLETE,A1_OFFICIAL_MARKET,WEB,2,46248,FOUND,505 L verified from official T10X V2 Media Center.
QUE-000040,CFG-000007,ground_clearance_mm,P0,COMPLETE,A1_OFFICIAL_MARKET,WEB,2,46248,NOT_FOUND,No current official Turkey ground-clearance value found; kept UNKNOWN.
QUE-000041,CFG-000007,efficiency_or_range_core,P0,COMPLETE,A1_OFFICIAL_MARKET,WEB,2,46248,FOUND,610 km combined WLTP (18-inch) verified for T10X V2; generic 523 km figure retained separately as non-exact.
QUE-000042,CFG-000007,equipment_mvp_core,P0,COMPLETE,A1_OFFICIAL_MARKET,WEB,2,46248,FOUND,ACC verified standard for Apr 2025+ T10X; remaining trim-dependent equipment remains UNKNOWN where unresolved.
QUE-000043,CFG-000008,identity_exact_configuration,P0,COMPLETE,A1_OFFICIAL_MARKET,WEB,2,46248,FOUND,P0 closure pass completed.
QUE-000044,CFG-000008,dimensions_core,P0,COMPLETE,A1_OFFICIAL_MARKET,WEB,2,46248,FOUND,P0 closure pass completed.
QUE-000045,CFG-000008,cargo_volume_l,P0,COMPLETE,A1_OFFICIAL_MARKET,WEB,2,46248,FOUND,410 L normal cargo verified; 328 dm3 VDA retained in measurement context.
QUE-000046,CFG-000008,ground_clearance_mm,P0,COMPLETE,A1_OFFICIAL_MARKET,WEB,2,46248,FOUND,P0 closure pass completed.
QUE-000047,CFG-000008,efficiency_or_range_core,P0,COMPLETE,A1_OFFICIAL_MARKET,WEB,2,46248,FOUND,P0 closure pass completed.
QUE-000048,CFG-000008,equipment_mvp_core,P0,COMPLETE,A1_OFFICIAL_MARKET,WEB,2,46248,FOUND,P0 closure pass completed.
QUE-000049,CFG-000009,identity,P0,COMPLETE,A1_OFFICIAL_MARKET,WEB,1,46248,FOUND,SCALE_BATCH_01 stop condition; FOUND. Missing non-material fields remain explicit.
QUE-000050,CFG-000009,technical,P0,COMPLETE,A1_OFFICIAL_MARKET,WEB,1,46248,FOUND,SCALE_BATCH_01 stop condition; FOUND. Missing non-material fields remain explicit.
QUE-000051,CFG-000009,efficiency_or_range,P0,COMPLETE,A1_OFFICIAL_MARKET,WEB,1,46248,FOUND,SCALE_BATCH_01 stop condition; FOUND. Missing non-material fields remain explicit.
QUE-000052,CFG-000009,family_practicality,P0,COMPLETE,A1_OFFICIAL_MARKET,WEB,1,46248,FOUND,SCALE_BATCH_01 stop condition; FOUND. Missing non-material fields remain explicit.
QUE-000053,CFG-000009,rough_road,P0,COMPLETE,A1_OFFICIAL_MARKET,WEB,1,46248,NOT_FOUND,SCALE_BATCH_01 stop condition; NOT_APPLICABLE. Missing non-material fields remain explicit.
QUE-000054,CFG-000009,equipment,P0,COMPLETE,A1_OFFICIAL_MARKET,WEB,1,46248,FOUND,SCALE_BATCH_01 stop condition; FOUND. Missing non-material fields remain explicit.
QUE-000055,CFG-000009,source_provenance,P0,COMPLETE,A1_OFFICIAL_MARKET,WEB,1,46248,FOUND,SCALE_BATCH_01 stop condition; FOUND. Missing non-material fields remain explicit.
QUE-000056,CFG-000010,identity,P0,COMPLETE,A1_OFFICIAL_MARKET,WEB,1,46248,FOUND,SCALE_BATCH_01 stop condition; FOUND. Missing non-material fields remain explicit.
QUE-000057,CFG-000010,technical,P0,COMPLETE,A1_OFFICIAL_MARKET,WEB,1,46248,FOUND,SCALE_BATCH_01 stop condition; FOUND. Missing non-material fields remain explicit.
QUE-000058,CFG-000010,efficiency_or_range,P0,COMPLETE,A1_OFFICIAL_MARKET,WEB,1,46248,FOUND,SCALE_BATCH_01 stop condition; FOUND. Missing non-material fields remain explicit.
QUE-000059,CFG-000010,family_practicality,P0,COMPLETE,A1_OFFICIAL_MARKET,WEB,1,46248,FOUND,SCALE_BATCH_01 stop condition; FOUND. Missing non-material fields remain explicit.
QUE-000060,CFG-000010,rough_road,P0,COMPLETE,A1_OFFICIAL_MARKET,WEB,1,46248,NOT_FOUND,SCALE_BATCH_01 stop condition; NOT_APPLICABLE. Missing non-material fields remain explicit.
QUE-000061,CFG-000010,equipment,P0,COMPLETE,A1_OFFICIAL_MARKET,WEB,1,46248,FOUND,SCALE_BATCH_01 stop condition; FOUND. Missing non-material fields remain explicit.
QUE-000062,CFG-000010,source_provenance,P0,COMPLETE,A1_OFFICIAL_MARKET,WEB,1,46248,FOUND,SCALE_BATCH_01 stop condition; FOUND. Missing non-material fields remain explicit.
QUE-000063,CFG-000011,identity,P0,COMPLETE,A1_OFFICIAL_MARKET,WEB,1,46248,FOUND,SCALE_BATCH_01 stop condition; FOUND. Missing non-material fields remain explicit.
QUE-000064,CFG-000011,technical,P0,COMPLETE,A1_OFFICIAL_MARKET,WEB,1,46248,FOUND,SCALE_BATCH_01 stop condition; FOUND. Missing non-material fields remain explicit.
QUE-000065,CFG-000011,efficiency_or_range,P0,COMPLETE,A1_OFFICIAL_MARKET,WEB,1,46248,FOUND,SCALE_BATCH_01 stop condition; FOUND. Missing non-material fields remain explicit.
QUE-000066,CFG-000011,family_practicality,P0,COMPLETE,A1_OFFICIAL_MARKET,WEB,1,46248,FOUND,SCALE_BATCH_01 stop condition; FOUND. Missing non-material fields remain explicit.
QUE-000067,CFG-000011,rough_road,P0,COMPLETE,A1_OFFICIAL_MARKET,WEB,1,46248,NOT_FOUND,SCALE_BATCH_01 stop condition; NOT_APPLICABLE. Missing non-material fields remain explicit.
QUE-000068,CFG-000011,equipment,P0,COMPLETE,A1_OFFICIAL_MARKET,WEB,1,46248,FOUND,SCALE_BATCH_01 stop condition; FOUND. Missing non-material fields remain explicit.
QUE-000069,CFG-000011,source_provenance,P0,COMPLETE,A1_OFFICIAL_MARKET,WEB,1,46248,FOUND,SCALE_BATCH_01 stop condition; FOUND. Missing non-material fields remain explicit.
QUE-000070,CFG-000012,identity,P0,COMPLETE,A1_OFFICIAL_MARKET,WEB,1,46248,FOUND,SCALE_BATCH_01 stop condition; FOUND. Missing non-material fields remain explicit.
QUE-000071,CFG-000012,technical,P0,COMPLETE,A1_OFFICIAL_MARKET,WEB,1,46248,FOUND,SCALE_BATCH_01 stop condition; FOUND. Missing non-material fields remain explicit.
QUE-000072,CFG-000012,efficiency_or_range,P0,COMPLETE,A1_OFFICIAL_MARKET,WEB,1,46248,FOUND,SCALE_BATCH_01 stop condition; FOUND. Missing non-material fields remain explicit.
QUE-000073,CFG-000012,family_practicality,P0,COMPLETE,A1_OFFICIAL_MARKET,WEB,1,46248,FOUND,SCALE_BATCH_01 stop condition; FOUND. Missing non-material fields remain explicit.
QUE-000074,CFG-000012,rough_road,P0,COMPLETE,A1_OFFICIAL_MARKET,WEB,1,46248,NOT_FOUND,SCALE_BATCH_01 stop condition; NOT_APPLICABLE. Missing non-material fields remain explicit.
QUE-000075,CFG-000012,equipment,P0,COMPLETE,A1_OFFICIAL_MARKET,WEB,1,46248,FOUND,SCALE_BATCH_01 stop condition; FOUND. Missing non-material fields remain explicit.
QUE-000076,CFG-000012,source_provenance,P0,COMPLETE,A1_OFFICIAL_MARKET,WEB,1,46248,FOUND,SCALE_BATCH_01 stop condition; FOUND. Missing non-material fields remain explicit.
QUE-000077,CFG-000013,identity,P0,COMPLETE,A1_OFFICIAL_MARKET,WEB,1,46248,FOUND,SCALE_BATCH_01 stop condition; FOUND. Missing non-material fields remain explicit.
QUE-000078,CFG-000013,technical,P0,COMPLETE,A1_OFFICIAL_MARKET,WEB,1,46248,FOUND,SCALE_BATCH_01 stop condition; FOUND. Missing non-material fields remain explicit.
QUE-000079,CFG-000013,efficiency_or_range,P0,COMPLETE,A1_OFFICIAL_MARKET,WEB,1,46248,FOUND,SCALE_BATCH_01 stop condition; FOUND. Missing non-material fields remain explicit.
QUE-000080,CFG-000013,family_practicality,P0,COMPLETE,A1_OFFICIAL_MARKET,WEB,1,46248,FOUND,SCALE_BATCH_01 stop condition; FOUND. Missing non-material fields remain explicit.
QUE-000081,CFG-000013,rough_road,P0,COMPLETE,A1_OFFICIAL_MARKET,WEB,1,46248,NOT_FOUND,SCALE_BATCH_01 stop condition; NOT_APPLICABLE. Missing non-material fields remain explicit.
QUE-000082,CFG-000013,equipment,P0,COMPLETE,A1_OFFICIAL_MARKET,WEB,1,46248,FOUND,SCALE_BATCH_01 stop condition; FOUND. Missing non-material fields remain explicit.
QUE-000083,CFG-000013,source_provenance,P0,COMPLETE,A1_OFFICIAL_MARKET,WEB,1,46248,FOUND,SCALE_BATCH_01 stop condition; FOUND. Missing non-material fields remain explicit.
QUE-000084,CFG-000014,identity,P0,COMPLETE,A1_OFFICIAL_MARKET,WEB,1,46248,FOUND,SCALE_BATCH_01 stop condition; FOUND. Missing non-material fields remain explicit.
QUE-000085,CFG-000014,technical,P0,COMPLETE,A1_OFFICIAL_MARKET,WEB,1,46248,FOUND,SCALE_BATCH_01 stop condition; FOUND. Missing non-material fields remain explicit.
QUE-000086,CFG-000014,efficiency_or_range,P0,COMPLETE,A1_OFFICIAL_MARKET,WEB,1,46248,FOUND,SCALE_BATCH_01 stop condition; FOUND. Missing non-material fields remain explicit.
QUE-000087,CFG-000014,family_practicality,P0,COMPLETE,A1_OFFICIAL_MARKET,WEB,1,46248,FOUND,SCALE_BATCH_01 stop condition; FOUND. Missing non-material fields remain explicit.
QUE-000088,CFG-000014,rough_road,P0,COMPLETE,A1_OFFICIAL_MARKET,WEB,1,46248,NOT_FOUND,SCALE_BATCH_01 stop condition; NOT_APPLICABLE. Missing non-material fields remain explicit.
QUE-000089,CFG-000014,equipment,P0,COMPLETE,A1_OFFICIAL_MARKET,WEB,1,46248,FOUND,SCALE_BATCH_01 stop condition; FOUND. Missing non-material fields remain explicit.
QUE-000090,CFG-000014,source_provenance,P0,COMPLETE,A1_OFFICIAL_MARKET,WEB,1,46248,FOUND,SCALE_BATCH_01 stop condition; FOUND. Missing non-material fields remain explicit.
QUE-000091,CFG-000015,identity,P0,COMPLETE,A1_OFFICIAL_MARKET,WEB,1,46248,FOUND,SCALE_BATCH_01 stop condition; FOUND. Missing non-material fields remain explicit.
QUE-000092,CFG-000015,technical,P0,COMPLETE,A1_OFFICIAL_MARKET,WEB,1,46248,FOUND,SCALE_BATCH_01 stop condition; FOUND. Missing non-material fields remain explicit.
QUE-000093,CFG-000015,efficiency_or_range,P0,COMPLETE,A1_OFFICIAL_MARKET,WEB,1,46248,FOUND,SCALE_BATCH_01 stop condition; FOUND. Missing non-material fields remain explicit.
QUE-000094,CFG-000015,family_practicality,P0,COMPLETE,A1_OFFICIAL_MARKET,WEB,1,46248,FOUND,SCALE_BATCH_01 stop condition; FOUND. Missing non-material fields remain explicit.
QUE-000095,CFG-000015,rough_road,P0,COMPLETE,A1_OFFICIAL_MARKET,WEB,1,46248,NOT_FOUND,SCALE_BATCH_01 stop condition; NOT_APPLICABLE. Missing non-material fields remain explicit.
QUE-000096,CFG-000015,equipment,P0,COMPLETE,A1_OFFICIAL_MARKET,WEB,1,46248,FOUND,SCALE_BATCH_01 stop condition; FOUND. Missing non-material fields remain explicit.
QUE-000097,CFG-000015,source_provenance,P0,COMPLETE,A1_OFFICIAL_MARKET,WEB,1,46248,FOUND,SCALE_BATCH_01 stop condition; FOUND. Missing non-material fields remain explicit.
QUE-000098,CFG-000016,identity,P0,COMPLETE,A1_OFFICIAL_MARKET,WEB,1,46248,FOUND,SCALE_BATCH_01 stop condition; FOUND. Missing non-material fields remain explicit.
QUE-000099,CFG-000016,technical,P0,COMPLETE,A1_OFFICIAL_MARKET,WEB,1,46248,FOUND,SCALE_BATCH_01 stop condition; FOUND. Missing non-material fields remain explicit.
QUE-000100,CFG-000016,efficiency_or_range,P0,COMPLETE,A1_OFFICIAL_MARKET,WEB,1,46248,FOUND,SCALE_BATCH_01 stop condition; FOUND. Missing non-material fields remain explicit.
QUE-000101,CFG-000016,family_practicality,P0,COMPLETE,A1_OFFICIAL_MARKET,WEB,1,46248,FOUND,SCALE_BATCH_01 stop condition; FOUND. Missing non-material fields remain explicit.
QUE-000102,CFG-000016,rough_road,P0,COMPLETE,A1_OFFICIAL_MARKET,WEB,1,46248,NOT_FOUND,SCALE_BATCH_01 stop condition; NOT_APPLICABLE. Missing non-material fields remain explicit.
QUE-000103,CFG-000016,equipment,P0,COMPLETE,A1_OFFICIAL_MARKET,WEB,1,46248,FOUND,SCALE_BATCH_01 stop condition; FOUND. Missing non-material fields remain explicit.
QUE-000104,CFG-000016,source_provenance,P0,COMPLETE,A1_OFFICIAL_MARKET,WEB,1,46248,FOUND,SCALE_BATCH_01 stop condition; FOUND. Missing non-material fields remain explicit.
QUE-000105,CFG-000017,identity,P0,COMPLETE,A1_OFFICIAL_MARKET,WEB,1,46248,FOUND,SCALE_BATCH_01 stop condition; FOUND. Missing non-material fields remain explicit.
QUE-000106,CFG-000017,technical,P0,COMPLETE,A1_OFFICIAL_MARKET,WEB,1,46248,NOT_FOUND,SCALE_BATCH_01 stop condition; NOT_FOUND. Missing non-material fields remain explicit.
QUE-000107,CFG-000017,efficiency_or_range,P0,COMPLETE,A1_OFFICIAL_MARKET,WEB,1,46248,NOT_FOUND,SCALE_BATCH_01 stop condition; NOT_FOUND. Missing non-material fields remain explicit.
QUE-000108,CFG-000017,family_practicality,P0,COMPLETE,A1_OFFICIAL_MARKET,WEB,1,46248,NOT_FOUND,SCALE_BATCH_01 stop condition; NOT_FOUND. Missing non-material fields remain explicit.
QUE-000109,CFG-000017,rough_road,P0,COMPLETE,A1_OFFICIAL_MARKET,WEB,1,46248,NOT_FOUND,SCALE_BATCH_01 stop condition; NOT_APPLICABLE. Missing non-material fields remain explicit.
QUE-000110,CFG-000017,equipment,P0,COMPLETE,A1_OFFICIAL_MARKET,WEB,1,46248,NOT_FOUND,SCALE_BATCH_01 stop condition; NOT_FOUND. Missing non-material fields remain explicit.
QUE-000111,CFG-000017,source_provenance,P0,COMPLETE,A1_OFFICIAL_MARKET,WEB,1,46248,FOUND,SCALE_BATCH_01 stop condition; FOUND. Missing non-material fields remain explicit.
QUE-000112,CFG-000018,identity,P0,COMPLETE,A1_OFFICIAL_MARKET,WEB,1,46248,FOUND,SCALE_BATCH_01 stop condition; FOUND. Missing non-material fields remain explicit.
QUE-000113,CFG-000018,technical,P0,COMPLETE,A1_OFFICIAL_MARKET,WEB,1,46248,FOUND,SCALE_BATCH_01 stop condition; FOUND. Missing non-material fields remain explicit.
QUE-000114,CFG-000018,efficiency_or_range,P0,COMPLETE,A1_OFFICIAL_MARKET,WEB,1,46248,FOUND,SCALE_BATCH_01 stop condition; FOUND. Missing non-material fields remain explicit.
QUE-000115,CFG-000018,family_practicality,P0,COMPLETE,A1_OFFICIAL_MARKET,WEB,1,46248,FOUND,SCALE_BATCH_01 stop condition; FOUND. Missing non-material fields remain explicit.
QUE-000116,CFG-000018,rough_road,P0,COMPLETE,A1_OFFICIAL_MARKET,WEB,1,46248,NOT_FOUND,SCALE_BATCH_01 stop condition; NOT_APPLICABLE. Missing non-material fields remain explicit.
QUE-000117,CFG-000018,equipment,P0,COMPLETE,A1_OFFICIAL_MARKET,WEB,1,46248,FOUND,SCALE_BATCH_01 stop condition; FOUND. Missing non-material fields remain explicit.
QUE-000118,CFG-000018,source_provenance,P0,COMPLETE,A1_OFFICIAL_MARKET,WEB,1,46248,FOUND,SCALE_BATCH_01 stop condition; FOUND. Missing non-material fields remain explicit.
QUE-000119,CFG-000019,identity,P0,COMPLETE,A1_OFFICIAL_MARKET,WEB,1,46248,FOUND,SCALE_BATCH_01 stop condition; FOUND. Missing non-material fields remain explicit.
QUE-000120,CFG-000019,technical,P0,COMPLETE,A1_OFFICIAL_MARKET,WEB,1,46248,FOUND,SCALE_BATCH_01 stop condition; FOUND. Missing non-material fields remain explicit.
QUE-000121,CFG-000019,efficiency_or_range,P0,COMPLETE,A1_OFFICIAL_MARKET,WEB,1,46248,FOUND,SCALE_BATCH_01 stop condition; FOUND. Missing non-material fields remain explicit.
QUE-000122,CFG-000019,family_practicality,P0,COMPLETE,A1_OFFICIAL_MARKET,WEB,1,46248,FOUND,SCALE_BATCH_01 stop condition; FOUND. Missing non-material fields remain explicit.
QUE-000123,CFG-000019,rough_road,P0,COMPLETE,A1_OFFICIAL_MARKET,WEB,1,46248,NOT_FOUND,SCALE_BATCH_01 stop condition; NOT_APPLICABLE. Missing non-material fields remain explicit.
QUE-000124,CFG-000019,equipment,P0,COMPLETE,A1_OFFICIAL_MARKET,WEB,1,46248,FOUND,SCALE_BATCH_01 stop condition; FOUND. Missing non-material fields remain explicit.
QUE-000125,CFG-000019,source_provenance,P0,COMPLETE,A1_OFFICIAL_MARKET,WEB,1,46248,FOUND,SCALE_BATCH_01 stop condition; FOUND. Missing non-material fields remain explicit.
QUE-000126,CFG-000020,identity,P0,COMPLETE,A1_OFFICIAL_MARKET,WEB,1,46248,FOUND,SCALE_BATCH_01 stop condition; FOUND. Missing non-material fields remain explicit.
QUE-000127,CFG-000020,technical,P0,COMPLETE,A1_OFFICIAL_MARKET,WEB,1,46248,FOUND,SCALE_BATCH_01 stop condition; FOUND. Missing non-material fields remain explicit.
QUE-000128,CFG-000020,efficiency_or_range,P0,COMPLETE,A1_OFFICIAL_MARKET,WEB,1,46248,FOUND,SCALE_BATCH_01 stop condition; FOUND. Missing non-material fields remain explicit.
QUE-000129,CFG-000020,family_practicality,P0,COMPLETE,A1_OFFICIAL_MARKET,WEB,1,46248,FOUND,SCALE_BATCH_01 stop condition; FOUND. Missing non-material fields remain explicit.
QUE-000130,CFG-000020,rough_road,P0,COMPLETE,A1_OFFICIAL_MARKET,WEB,1,46248,NOT_FOUND,SCALE_BATCH_01 stop condition; NOT_APPLICABLE. Missing non-material fields remain explicit.
QUE-000131,CFG-000020,equipment,P0,COMPLETE,A1_OFFICIAL_MARKET,WEB,1,46248,FOUND,SCALE_BATCH_01 stop condition; FOUND. Missing non-material fields remain explicit.
QUE-000132,CFG-000020,source_provenance,P0,COMPLETE,A1_OFFICIAL_MARKET,WEB,1,46248,FOUND,SCALE_BATCH_01 stop condition; FOUND. Missing non-material fields remain explicit.
QUE-000133,CFG-000021,identity,P0,COMPLETE,A1_OFFICIAL_MARKET,WEB,1,46248,FOUND,SCALE_BATCH_01 stop condition; FOUND. Missing non-material fields remain explicit.
QUE-000134,CFG-000021,technical,P0,COMPLETE,A1_OFFICIAL_MARKET,WEB,1,46248,FOUND,SCALE_BATCH_01 stop condition; FOUND. Missing non-material fields remain explicit.
QUE-000135,CFG-000021,efficiency_or_range,P0,COMPLETE,A1_OFFICIAL_MARKET,WEB,1,46248,FOUND,SCALE_BATCH_01 stop condition; FOUND. Missing non-material fields remain explicit.
QUE-000136,CFG-000021,family_practicality,P0,COMPLETE,A1_OFFICIAL_MARKET,WEB,1,46248,FOUND,SCALE_BATCH_01 stop condition; FOUND. Missing non-material fields remain explicit.
QUE-000137,CFG-000021,rough_road,P0,COMPLETE,A1_OFFICIAL_MARKET,WEB,1,46248,NOT_FOUND,SCALE_BATCH_01 stop condition; NOT_APPLICABLE. Missing non-material fields remain explicit.
QUE-000138,CFG-000021,equipment,P0,COMPLETE,A1_OFFICIAL_MARKET,WEB,1,46248,FOUND,SCALE_BATCH_01 stop condition; FOUND. Missing non-material fields remain explicit.
QUE-000139,CFG-000021,source_provenance,P0,COMPLETE,A1_OFFICIAL_MARKET,WEB,1,46248,FOUND,SCALE_BATCH_01 stop condition; FOUND. Missing non-material fields remain explicit.
QUE-000140,CFG-000022,identity,P0,COMPLETE,A1_OFFICIAL_MARKET,WEB,1,46248,FOUND,SCALE_BATCH_01 stop condition; FOUND. Missing non-material fields remain explicit.
QUE-000141,CFG-000022,technical,P0,COMPLETE,A1_OFFICIAL_MARKET,WEB,1,46248,FOUND,SCALE_BATCH_01 stop condition; FOUND. Missing non-material fields remain explicit.
QUE-000142,CFG-000022,efficiency_or_range,P0,COMPLETE,A1_OFFICIAL_MARKET,WEB,1,46248,FOUND,SCALE_BATCH_01 stop condition; FOUND. Missing non-material fields remain explicit.
QUE-000143,CFG-000022,family_practicality,P0,COMPLETE,A1_OFFICIAL_MARKET,WEB,1,46248,FOUND,SCALE_BATCH_01 stop condition; FOUND. Missing non-material fields remain explicit.
QUE-000144,CFG-000022,rough_road,P0,COMPLETE,A1_OFFICIAL_MARKET,WEB,1,46248,FOUND,SCALE_BATCH_01 stop condition; FOUND. Missing non-material fields remain explicit.
QUE-000145,CFG-000022,equipment,P0,COMPLETE,A1_OFFICIAL_MARKET,WEB,1,46248,FOUND,SCALE_BATCH_01 stop condition; FOUND. Missing non-material fields remain explicit.
QUE-000146,CFG-000022,source_provenance,P0,COMPLETE,A1_OFFICIAL_MARKET,WEB,1,46248,FOUND,SCALE_BATCH_01 stop condition; FOUND. Missing non-material fields remain explicit.
QUE-000147,CFG-000023,identity,P0,COMPLETE,A1_OFFICIAL_MARKET,WEB,1,46248,FOUND,SCALE_BATCH_01 stop condition; FOUND. Missing non-material fields remain explicit.
QUE-000148,CFG-000023,technical,P0,COMPLETE,A1_OFFICIAL_MARKET,WEB,1,46248,FOUND,SCALE_BATCH_01 stop condition; FOUND. Missing non-material fields remain explicit.
QUE-000149,CFG-000023,efficiency_or_range,P0,COMPLETE,A1_OFFICIAL_MARKET,WEB,1,46248,FOUND,SCALE_BATCH_01 stop condition; FOUND. Missing non-material fields remain explicit.
QUE-000150,CFG-000023,family_practicality,P0,COMPLETE,A1_OFFICIAL_MARKET,WEB,1,46248,FOUND,SCALE_BATCH_01 stop condition; FOUND. Missing non-material fields remain explicit.
QUE-000151,CFG-000023,rough_road,P0,COMPLETE,A1_OFFICIAL_MARKET,WEB,1,46248,NOT_FOUND,SCALE_BATCH_01 stop condition; NOT_APPLICABLE. Missing non-material fields remain explicit.
QUE-000152,CFG-000023,equipment,P0,COMPLETE,A1_OFFICIAL_MARKET,WEB,1,46248,FOUND,SCALE_BATCH_01 stop condition; FOUND. Missing non-material fields remain explicit.
QUE-000153,CFG-000023,source_provenance,P0,COMPLETE,A1_OFFICIAL_MARKET,WEB,1,46248,FOUND,SCALE_BATCH_01 stop condition; FOUND. Missing non-material fields remain explicit.
QUE-000154,CFG-000024,identity,P0,COMPLETE,A1_OFFICIAL_MARKET,WEB,1,46248,FOUND,SCALE_BATCH_01 stop condition; FOUND. Missing non-material fields remain explicit.
QUE-000155,CFG-000024,technical,P0,COMPLETE,A1_OFFICIAL_MARKET,WEB,1,46248,FOUND,SCALE_BATCH_01 stop condition; FOUND. Missing non-material fields remain explicit.
QUE-000156,CFG-000024,efficiency_or_range,P0,COMPLETE,A1_OFFICIAL_MARKET,WEB,1,46248,FOUND,SCALE_BATCH_01 stop condition; FOUND. Missing non-material fields remain explicit.
QUE-000157,CFG-000024,family_practicality,P0,COMPLETE,A1_OFFICIAL_MARKET,WEB,1,46248,FOUND,SCALE_BATCH_01 stop condition; FOUND. Missing non-material fields remain explicit.
QUE-000158,CFG-000024,rough_road,P0,COMPLETE,A1_OFFICIAL_MARKET,WEB,1,46248,NOT_FOUND,SCALE_BATCH_01 stop condition; NOT_APPLICABLE. Missing non-material fields remain explicit.
QUE-000159,CFG-000024,equipment,P0,COMPLETE,A1_OFFICIAL_MARKET,WEB,1,46248,FOUND,SCALE_BATCH_01 stop condition; FOUND. Missing non-material fields remain explicit.
QUE-000160,CFG-000024,source_provenance,P0,COMPLETE,A1_OFFICIAL_MARKET,WEB,1,46248,FOUND,SCALE_BATCH_01 stop condition; FOUND. Missing non-material fields remain explicit.
QUE-000161,CFG-000025,identity,P0,COMPLETE,A1_OFFICIAL_MARKET,WEB,1,46248,FOUND,SCALE_BATCH_01 stop condition; FOUND. Missing non-material fields remain explicit.
QUE-000162,CFG-000025,technical,P0,COMPLETE,A1_OFFICIAL_MARKET,WEB,1,46248,FOUND,SCALE_BATCH_01 stop condition; FOUND. Missing non-material fields remain explicit.
QUE-000163,CFG-000025,efficiency_or_range,P0,COMPLETE,A1_OFFICIAL_MARKET,WEB,1,46248,FOUND,SCALE_BATCH_01 stop condition; FOUND. Missing non-material fields remain explicit.
QUE-000164,CFG-000025,family_practicality,P0,COMPLETE,A1_OFFICIAL_MARKET,WEB,1,46248,FOUND,SCALE_BATCH_01 stop condition; FOUND. Missing non-material fields remain explicit.
QUE-000165,CFG-000025,rough_road,P0,COMPLETE,A1_OFFICIAL_MARKET,WEB,1,46248,NOT_FOUND,SCALE_BATCH_01 stop condition; NOT_APPLICABLE. Missing non-material fields remain explicit.
QUE-000166,CFG-000025,equipment,P0,COMPLETE,A1_OFFICIAL_MARKET,WEB,1,46248,FOUND,SCALE_BATCH_01 stop condition; FOUND. Missing non-material fields remain explicit.
QUE-000167,CFG-000025,source_provenance,P0,COMPLETE,A1_OFFICIAL_MARKET,WEB,1,46248,FOUND,SCALE_BATCH_01 stop condition; FOUND. Missing non-material fields remain explicit.
QUE-000168,CFG-000026,identity,P0,COMPLETE,A1_OFFICIAL_MARKET,WEB,1,46248,FOUND,SCALE_BATCH_01 stop condition; FOUND. Missing non-material fields remain explicit.
QUE-000169,CFG-000026,technical,P0,COMPLETE,A1_OFFICIAL_MARKET,WEB,1,46248,FOUND,SCALE_BATCH_01 stop condition; FOUND. Missing non-material fields remain explicit.
QUE-000170,CFG-000026,efficiency_or_range,P0,COMPLETE,A1_OFFICIAL_MARKET,WEB,1,46248,FOUND,SCALE_BATCH_01 stop condition; FOUND. Missing non-material fields remain explicit.
QUE-000171,CFG-000026,family_practicality,P0,COMPLETE,A1_OFFICIAL_MARKET,WEB,1,46248,FOUND,SCALE_BATCH_01 stop condition; FOUND. Missing non-material fields remain explicit.
QUE-000172,CFG-000026,rough_road,P0,COMPLETE,A1_OFFICIAL_MARKET,WEB,1,46248,NOT_FOUND,SCALE_BATCH_01 stop condition; NOT_APPLICABLE. Missing non-material fields remain explicit.
QUE-000173,CFG-000026,equipment,P0,COMPLETE,A1_OFFICIAL_MARKET,WEB,1,46248,FOUND,SCALE_BATCH_01 stop condition; FOUND. Missing non-material fields remain explicit.
QUE-000174,CFG-000026,source_provenance,P0,COMPLETE,A1_OFFICIAL_MARKET,WEB,1,46248,FOUND,SCALE_BATCH_01 stop condition; FOUND. Missing non-material fields remain explicit.
QUE-000175,CFG-000027,identity,P0,COMPLETE,A1_OFFICIAL_MARKET,WEB,1,46248,FOUND,SCALE_BATCH_01 stop condition; FOUND. Missing non-material fields remain explicit.
QUE-000176,CFG-000027,technical,P0,COMPLETE,A1_OFFICIAL_MARKET,WEB,1,46248,FOUND,SCALE_BATCH_01 stop condition; FOUND. Missing non-material fields remain explicit.
QUE-000177,CFG-000027,efficiency_or_range,P0,COMPLETE,A1_OFFICIAL_MARKET,WEB,1,46248,FOUND,SCALE_BATCH_01 stop condition; FOUND. Missing non-material fields remain explicit.
QUE-000178,CFG-000027,family_practicality,P0,COMPLETE,A1_OFFICIAL_MARKET,WEB,1,46248,FOUND,SCALE_BATCH_01 stop condition; FOUND. Missing non-material fields remain explicit.
QUE-000179,CFG-000027,rough_road,P0,COMPLETE,A1_OFFICIAL_MARKET,WEB,1,46248,NOT_FOUND,SCALE_BATCH_01 stop condition; NOT_APPLICABLE. Missing non-material fields remain explicit.
QUE-000180,CFG-000027,equipment,P0,COMPLETE,A1_OFFICIAL_MARKET,WEB,1,46248,FOUND,SCALE_BATCH_01 stop condition; FOUND. Missing non-material fields remain explicit.
QUE-000181,CFG-000027,source_provenance,P0,COMPLETE,A1_OFFICIAL_MARKET,WEB,1,46248,FOUND,SCALE_BATCH_01 stop condition; FOUND. Missing non-material fields remain explicit.
QUE-000182,CFG-000028,identity,P0,COMPLETE,A1_OFFICIAL_MARKET,WEB,1,46248,FOUND,SCALE_BATCH_01 stop condition; FOUND. Missing non-material fields remain explicit.
QUE-000183,CFG-000028,technical,P0,COMPLETE,A1_OFFICIAL_MARKET,WEB,1,46248,FOUND,SCALE_BATCH_01 stop condition; FOUND. Missing non-material fields remain explicit.
QUE-000184,CFG-000028,efficiency_or_range,P0,COMPLETE,A1_OFFICIAL_MARKET,WEB,1,46248,FOUND,SCALE_BATCH_01 stop condition; FOUND. Missing non-material fields remain explicit.
QUE-000185,CFG-000028,family_practicality,P0,COMPLETE,A1_OFFICIAL_MARKET,WEB,1,46248,FOUND,SCALE_BATCH_01 stop condition; FOUND. Missing non-material fields remain explicit.
QUE-000186,CFG-000028,rough_road,P0,COMPLETE,A1_OFFICIAL_MARKET,WEB,1,46248,FOUND,SCALE_BATCH_01 stop condition; FOUND. Missing non-material fields remain explicit.
QUE-000187,CFG-000028,equipment,P0,COMPLETE,A1_OFFICIAL_MARKET,WEB,1,46248,FOUND,SCALE_BATCH_01 stop condition; FOUND. Missing non-material fields remain explicit.
QUE-000188,CFG-000028,source_provenance,P0,COMPLETE,A1_OFFICIAL_MARKET,WEB,1,46248,FOUND,SCALE_BATCH_01 stop condition; FOUND. Missing non-material fields remain explicit.
QUE-000189,CFG-000029,identity,P0,COMPLETE,A1_OFFICIAL_MARKET,WEB,1,46248,FOUND,SCALE_BATCH_01 stop condition; FOUND. Missing non-material fields remain explicit.
QUE-000190,CFG-000029,technical,P0,COMPLETE,A1_OFFICIAL_MARKET,WEB,1,46248,FOUND,SCALE_BATCH_01 stop condition; FOUND. Missing non-material fields remain explicit.
QUE-000191,CFG-000029,efficiency_or_range,P0,COMPLETE,A1_OFFICIAL_MARKET,WEB,1,46248,FOUND,SCALE_BATCH_01 stop condition; FOUND. Missing non-material fields remain explicit.
QUE-000192,CFG-000029,family_practicality,P0,COMPLETE,A1_OFFICIAL_MARKET,WEB,1,46248,FOUND,SCALE_BATCH_01 stop condition; FOUND. Missing non-material fields remain explicit.
QUE-000193,CFG-000029,rough_road,P0,COMPLETE,A1_OFFICIAL_MARKET,WEB,1,46248,NOT_FOUND,SCALE_BATCH_01 stop condition; NOT_APPLICABLE. Missing non-material fields remain explicit.
QUE-000194,CFG-000029,equipment,P0,COMPLETE,A1_OFFICIAL_MARKET,WEB,1,46248,FOUND,SCALE_BATCH_01 stop condition; FOUND. Missing non-material fields remain explicit.
QUE-000195,CFG-000029,source_provenance,P0,COMPLETE,A1_OFFICIAL_MARKET,WEB,1,46248,FOUND,SCALE_BATCH_01 stop condition; FOUND. Missing non-material fields remain explicit.
QUE-000196,CFG-000030,identity_exact_configuration,P0,NOT_STARTED,A1_OFFICIAL_MARKET,WEB,0,,PENDING,Bounded P0 evidence gap retained; no inference.
QUE-000197,CFG-000030,dimensions_core,P0,NOT_STARTED,A1_OFFICIAL_MARKET,WEB,0,,PENDING,Bounded P0 evidence gap retained; no inference.
QUE-000198,CFG-000030,cargo_volume_l,P0,NOT_STARTED,A1_OFFICIAL_MARKET,WEB,0,,PENDING,Bounded P0 evidence gap retained; no inference.
QUE-000199,CFG-000030,ground_clearance_mm,P0,NOT_STARTED,A1_OFFICIAL_MARKET,WEB,0,,PENDING,Bounded P0 evidence gap retained; no inference.
QUE-000200,CFG-000030,efficiency_or_range_core,P0,NOT_STARTED,A1_OFFICIAL_MARKET,WEB,0,,PENDING,Bounded P0 evidence gap retained; no inference.
QUE-000201,CFG-000030,equipment_mvp_core,P0,NOT_STARTED,A1_OFFICIAL_MARKET,WEB,0,,PENDING,Bounded P0 evidence gap retained; no inference.
QUE-000202,CFG-000031,identity_exact_configuration,P0,COMPLETE,A1_OFFICIAL_MARKET,WEB,1,46248,FOUND,SCALE_BATCH_02 collected.
QUE-000203,CFG-000031,dimensions_core,P0,COMPLETE,A1_OFFICIAL_MARKET,WEB,1,46248,FOUND,SCALE_BATCH_02 collected.
QUE-000204,CFG-000031,cargo_volume_l,P0,COMPLETE,A1_OFFICIAL_MARKET,WEB,1,46248,FOUND,SCALE_BATCH_02 collected.
QUE-000205,CFG-000031,ground_clearance_mm,P0,COMPLETE,A1_OFFICIAL_MARKET,WEB,1,46248,FOUND,SCALE_BATCH_02 collected.
QUE-000206,CFG-000031,efficiency_or_range_core,P0,COMPLETE,A1_OFFICIAL_MARKET,WEB,1,46248,FOUND,SCALE_BATCH_02 collected.
QUE-000207,CFG-000031,equipment_mvp_core,P0,NOT_STARTED,A1_OFFICIAL_MARKET,WEB,0,,PENDING,Bounded P0 evidence gap retained; no inference.
QUE-000208,CFG-000032,identity_exact_configuration,P0,COMPLETE,A1_OFFICIAL_MARKET,WEB,1,46248,FOUND,SCALE_BATCH_02 collected.
QUE-000209,CFG-000032,dimensions_core,P0,NOT_STARTED,A1_OFFICIAL_MARKET,WEB,0,,PENDING,Bounded P0 evidence gap retained; no inference.
QUE-000210,CFG-000032,cargo_volume_l,P0,NOT_STARTED,A1_OFFICIAL_MARKET,WEB,0,,PENDING,Bounded P0 evidence gap retained; no inference.
QUE-000211,CFG-000032,ground_clearance_mm,P0,NOT_STARTED,A1_OFFICIAL_MARKET,WEB,0,,PENDING,Bounded P0 evidence gap retained; no inference.
QUE-000212,CFG-000032,efficiency_or_range_core,P0,NOT_STARTED,A1_OFFICIAL_MARKET,WEB,0,,PENDING,Bounded P0 evidence gap retained; no inference.
QUE-000213,CFG-000032,equipment_mvp_core,P0,NOT_STARTED,A1_OFFICIAL_MARKET,WEB,0,,PENDING,Bounded P0 evidence gap retained; no inference.
QUE-000214,CFG-000033,identity_exact_configuration,P0,COMPLETE,A1_OFFICIAL_MARKET,WEB,1,46248,FOUND,SCALE_BATCH_02 collected.
QUE-000215,CFG-000033,dimensions_core,P0,NOT_STARTED,A1_OFFICIAL_MARKET,WEB,0,,PENDING,Bounded P0 evidence gap retained; no inference.
QUE-000216,CFG-000033,cargo_volume_l,P0,NOT_STARTED,A1_OFFICIAL_MARKET,WEB,0,,PENDING,Bounded P0 evidence gap retained; no inference.
QUE-000217,CFG-000033,ground_clearance_mm,P0,NOT_STARTED,A1_OFFICIAL_MARKET,WEB,0,,PENDING,Bounded P0 evidence gap retained; no inference.
QUE-000218,CFG-000033,efficiency_or_range_core,P0,COMPLETE,A1_OFFICIAL_MARKET,WEB,1,46248,FOUND,SCALE_BATCH_02 collected.
QUE-000219,CFG-000033,equipment_mvp_core,P0,NOT_STARTED,A1_OFFICIAL_MARKET,WEB,0,,PENDING,Bounded P0 evidence gap retained; no inference.
QUE-000220,CFG-000034,identity_exact_configuration,P0,COMPLETE,A1_OFFICIAL_MARKET,WEB,1,46248,FOUND,SCALE_BATCH_02 collected.
QUE-000221,CFG-000034,dimensions_core,P0,NOT_STARTED,A1_OFFICIAL_MARKET,WEB,0,,PENDING,Bounded P0 evidence gap retained; no inference.
QUE-000222,CFG-000034,cargo_volume_l,P0,NOT_STARTED,A1_OFFICIAL_MARKET,WEB,0,,PENDING,Bounded P0 evidence gap retained; no inference.
QUE-000223,CFG-000034,ground_clearance_mm,P0,NOT_STARTED,A1_OFFICIAL_MARKET,WEB,0,,PENDING,Bounded P0 evidence gap retained; no inference.
QUE-000224,CFG-000034,efficiency_or_range_core,P0,COMPLETE,A1_OFFICIAL_MARKET,WEB,1,46248,FOUND,SCALE_BATCH_02 collected.
QUE-000225,CFG-000034,equipment_mvp_core,P0,NOT_STARTED,A1_OFFICIAL_MARKET,WEB,0,,PENDING,Bounded P0 evidence gap retained; no inference.
QUE-000226,CFG-000035,identity_exact_configuration,P0,COMPLETE,A1_OFFICIAL_MARKET,WEB,1,46248,FOUND,SCALE_BATCH_02 collected.
QUE-000227,CFG-000035,dimensions_core,P0,NOT_STARTED,A1_OFFICIAL_MARKET,WEB,0,,PENDING,Bounded P0 evidence gap retained; no inference.
QUE-000228,CFG-000035,cargo_volume_l,P0,NOT_STARTED,A1_OFFICIAL_MARKET,WEB,0,,PENDING,Bounded P0 evidence gap retained; no inference.
QUE-000229,CFG-000035,ground_clearance_mm,P0,NOT_STARTED,A1_OFFICIAL_MARKET,WEB,0,,PENDING,Bounded P0 evidence gap retained; no inference.
QUE-000230,CFG-000035,efficiency_or_range_core,P0,COMPLETE,A1_OFFICIAL_MARKET,WEB,1,46248,FOUND,SCALE_BATCH_02 collected.
QUE-000231,CFG-000035,equipment_mvp_core,P0,NOT_STARTED,A1_OFFICIAL_MARKET,WEB,0,,PENDING,Bounded P0 evidence gap retained; no inference.
QUE-000232,CFG-000036,identity_exact_configuration,P0,COMPLETE,A1_OFFICIAL_MARKET,WEB,1,46248,FOUND,SCALE_BATCH_02 collected.
QUE-000233,CFG-000036,dimensions_core,P0,NOT_STARTED,A1_OFFICIAL_MARKET,WEB,0,,PENDING,Bounded P0 evidence gap retained; no inference.
QUE-000234,CFG-000036,cargo_volume_l,P0,NOT_STARTED,A1_OFFICIAL_MARKET,WEB,0,,PENDING,Bounded P0 evidence gap retained; no inference.
QUE-000235,CFG-000036,ground_clearance_mm,P0,NOT_STARTED,A1_OFFICIAL_MARKET,WEB,0,,PENDING,Bounded P0 evidence gap retained; no inference.
QUE-000236,CFG-000036,efficiency_or_range_core,P0,NOT_STARTED,A1_OFFICIAL_MARKET,WEB,0,,PENDING,Bounded P0 evidence gap retained; no inference.
QUE-000237,CFG-000036,equipment_mvp_core,P0,NOT_STARTED,A1_OFFICIAL_MARKET,WEB,0,,PENDING,Bounded P0 evidence gap retained; no inference.
QUE-000238,CFG-000037,identity_exact_configuration,P0,COMPLETE,A1_OFFICIAL_MARKET,WEB,1,46248,FOUND,SCALE_BATCH_02 collected.
QUE-000239,CFG-000037,dimensions_core,P0,COMPLETE,A1_OFFICIAL_MARKET,WEB,1,46248,FOUND,SCALE_BATCH_02 collected.
QUE-000240,CFG-000037,cargo_volume_l,P0,COMPLETE,A1_OFFICIAL_MARKET,WEB,1,46248,FOUND,SCALE_BATCH_02 collected.
QUE-000241,CFG-000037,ground_clearance_mm,P0,NOT_STARTED,A1_OFFICIAL_MARKET,WEB,0,,PENDING,Bounded P0 evidence gap retained; no inference.
QUE-000242,CFG-000037,efficiency_or_range_core,P0,NOT_STARTED,A1_OFFICIAL_MARKET,WEB,0,,PENDING,Bounded P0 evidence gap retained; no inference.
QUE-000243,CFG-000037,equipment_mvp_core,P0,NOT_STARTED,A1_OFFICIAL_MARKET,WEB,0,,PENDING,Bounded P0 evidence gap retained; no inference.
QUE-000244,CFG-000038,identity_exact_configuration,P0,COMPLETE,A1_OFFICIAL_MARKET,WEB,1,46248,FOUND,SCALE_BATCH_02 collected.
QUE-000245,CFG-000038,dimensions_core,P0,COMPLETE,A1_OFFICIAL_MARKET,WEB,1,46248,FOUND,SCALE_BATCH_02 collected.
QUE-000246,CFG-000038,cargo_volume_l,P0,COMPLETE,A1_OFFICIAL_MARKET,WEB,1,46248,FOUND,SCALE_BATCH_02 collected.
QUE-000247,CFG-000038,ground_clearance_mm,P0,NOT_STARTED,A1_OFFICIAL_MARKET,WEB,0,,PENDING,Bounded P0 evidence gap retained; no inference.
QUE-000248,CFG-000038,efficiency_or_range_core,P0,NOT_STARTED,A1_OFFICIAL_MARKET,WEB,0,,PENDING,Bounded P0 evidence gap retained; no inference.
QUE-000249,CFG-000038,equipment_mvp_core,P0,NOT_STARTED,A1_OFFICIAL_MARKET,WEB,0,,PENDING,Bounded P0 evidence gap retained; no inference.
QUE-000250,CFG-000039,identity_exact_configuration,P0,COMPLETE,A1_OFFICIAL_MARKET,WEB,1,46248,FOUND,SCALE_BATCH_02 collected.
QUE-000251,CFG-000039,dimensions_core,P0,NOT_STARTED,A1_OFFICIAL_MARKET,WEB,0,,PENDING,Bounded P0 evidence gap retained; no inference.
QUE-000252,CFG-000039,cargo_volume_l,P0,NOT_STARTED,A1_OFFICIAL_MARKET,WEB,0,,PENDING,Bounded P0 evidence gap retained; no inference.
QUE-000253,CFG-000039,ground_clearance_mm,P0,NOT_STARTED,A1_OFFICIAL_MARKET,WEB,0,,PENDING,Bounded P0 evidence gap retained; no inference.
QUE-000254,CFG-000039,efficiency_or_range_core,P0,NOT_STARTED,A1_OFFICIAL_MARKET,WEB,0,,PENDING,Bounded P0 evidence gap retained; no inference.
QUE-000255,CFG-000039,equipment_mvp_core,P0,COMPLETE,A1_OFFICIAL_MARKET,WEB,1,46248,FOUND,SCALE_BATCH_02 collected.
QUE-000256,CFG-000040,identity_exact_configuration,P0,COMPLETE,A1_OFFICIAL_MARKET,WEB,1,46248,FOUND,SCALE_BATCH_02 collected.
QUE-000257,CFG-000040,dimensions_core,P0,NOT_STARTED,A1_OFFICIAL_MARKET,WEB,0,,PENDING,Bounded P0 evidence gap retained; no inference.
QUE-000258,CFG-000040,cargo_volume_l,P0,NOT_STARTED,A1_OFFICIAL_MARKET,WEB,0,,PENDING,Bounded P0 evidence gap retained; no inference.
QUE-000259,CFG-000040,ground_clearance_mm,P0,NOT_STARTED,A1_OFFICIAL_MARKET,WEB,0,,PENDING,Bounded P0 evidence gap retained; no inference.
QUE-000260,CFG-000040,efficiency_or_range_core,P0,NOT_STARTED,A1_OFFICIAL_MARKET,WEB,0,,PENDING,Bounded P0 evidence gap retained; no inference.
QUE-000261,CFG-000040,equipment_mvp_core,P0,NOT_STARTED,A1_OFFICIAL_MARKET,WEB,0,,PENDING,Bounded P0 evidence gap retained; no inference.
QUE-000262,CFG-000041,identity_exact_configuration,P0,COMPLETE,A1_OFFICIAL_MARKET,WEB,1,46248,FOUND,SCALE_BATCH_02 collected.
QUE-000263,CFG-000041,dimensions_core,P0,COMPLETE,A1_OFFICIAL_MARKET,WEB,1,46248,FOUND,SCALE_BATCH_02 collected.
QUE-000264,CFG-000041,cargo_volume_l,P0,COMPLETE,A1_OFFICIAL_MARKET,WEB,1,46248,FOUND,SCALE_BATCH_02 collected.
QUE-000265,CFG-000041,ground_clearance_mm,P0,NOT_STARTED,A1_OFFICIAL_MARKET,WEB,0,,PENDING,Bounded P0 evidence gap retained; no inference.
QUE-000266,CFG-000041,efficiency_or_range_core,P0,COMPLETE,A1_OFFICIAL_MARKET,WEB,1,46248,FOUND,SCALE_BATCH_02 collected.
QUE-000267,CFG-000041,equipment_mvp_core,P0,COMPLETE,A1_OFFICIAL_MARKET,WEB,1,46248,FOUND,SCALE_BATCH_02 collected.
QUE-000268,CFG-000042,identity_exact_configuration,P0,COMPLETE,A1_OFFICIAL_MARKET,WEB,1,46248,FOUND,SCALE_BATCH_02 collected.
QUE-000269,CFG-000042,dimensions_core,P0,COMPLETE,A1_OFFICIAL_MARKET,WEB,1,46248,FOUND,SCALE_BATCH_02 collected.
QUE-000270,CFG-000042,cargo_volume_l,P0,COMPLETE,A1_OFFICIAL_MARKET,WEB,1,46248,FOUND,SCALE_BATCH_02 collected.
QUE-000271,CFG-000042,ground_clearance_mm,P0,NOT_STARTED,A1_OFFICIAL_MARKET,WEB,0,,PENDING,Bounded P0 evidence gap retained; no inference.
QUE-000272,CFG-000042,efficiency_or_range_core,P0,COMPLETE,A1_OFFICIAL_MARKET,WEB,1,46248,FOUND,SCALE_BATCH_02 collected.
QUE-000273,CFG-000042,equipment_mvp_core,P0,COMPLETE,A1_OFFICIAL_MARKET,WEB,1,46248,FOUND,SCALE_BATCH_02 collected.
QUE-000274,CFG-000043,identity_exact_configuration,P0,COMPLETE,A1_OFFICIAL_MARKET,WEB,1,46248,FOUND,SCALE_BATCH_02 collected.
QUE-000275,CFG-000043,dimensions_core,P0,COMPLETE,A1_OFFICIAL_MARKET,WEB,1,46248,FOUND,SCALE_BATCH_02 collected.
QUE-000276,CFG-000043,cargo_volume_l,P0,NOT_STARTED,A1_OFFICIAL_MARKET,WEB,0,,PENDING,Bounded P0 evidence gap retained; no inference.
QUE-000277,CFG-000043,ground_clearance_mm,P0,NOT_STARTED,A1_OFFICIAL_MARKET,WEB,0,,PENDING,Bounded P0 evidence gap retained; no inference.
QUE-000278,CFG-000043,efficiency_or_range_core,P0,COMPLETE,A1_OFFICIAL_MARKET,WEB,1,46248,FOUND,SCALE_BATCH_02 collected.
QUE-000279,CFG-000043,equipment_mvp_core,P0,COMPLETE,A1_OFFICIAL_MARKET,WEB,1,46248,FOUND,SCALE_BATCH_02 collected.
QUE-000280,CFG-000044,identity_exact_configuration,P0,COMPLETE,A1_OFFICIAL_MARKET,WEB,1,46248,FOUND,SCALE_BATCH_02 collected.
QUE-000281,CFG-000044,dimensions_core,P0,COMPLETE,A1_OFFICIAL_MARKET,WEB,1,46248,FOUND,SCALE_BATCH_02 collected.
QUE-000282,CFG-000044,cargo_volume_l,P0,NOT_STARTED,A1_OFFICIAL_MARKET,WEB,0,,PENDING,Bounded P0 evidence gap retained; no inference.
QUE-000283,CFG-000044,ground_clearance_mm,P0,NOT_STARTED,A1_OFFICIAL_MARKET,WEB,0,,PENDING,Bounded P0 evidence gap retained; no inference.
QUE-000284,CFG-000044,efficiency_or_range_core,P0,COMPLETE,A1_OFFICIAL_MARKET,WEB,1,46248,FOUND,SCALE_BATCH_02 collected.
QUE-000285,CFG-000044,equipment_mvp_core,P0,COMPLETE,A1_OFFICIAL_MARKET,WEB,1,46248,FOUND,SCALE_BATCH_02 collected.
QUE-000286,CFG-000045,identity_exact_configuration,P0,COMPLETE,A1_OFFICIAL_MARKET,WEB,1,46248,FOUND,SCALE_BATCH_02 collected.
QUE-000287,CFG-000045,dimensions_core,P0,NOT_STARTED,A1_OFFICIAL_MARKET,WEB,0,,PENDING,Bounded P0 evidence gap retained; no inference.
QUE-000288,CFG-000045,cargo_volume_l,P0,COMPLETE,A1_OFFICIAL_MARKET,WEB,1,46248,FOUND,SCALE_BATCH_02 collected.
QUE-000289,CFG-000045,ground_clearance_mm,P0,NOT_STARTED,A1_OFFICIAL_MARKET,WEB,0,,PENDING,Bounded P0 evidence gap retained; no inference.
QUE-000290,CFG-000045,efficiency_or_range_core,P0,COMPLETE,A1_OFFICIAL_MARKET,WEB,1,46248,FOUND,SCALE_BATCH_02 collected.
QUE-000291,CFG-000045,equipment_mvp_core,P0,COMPLETE,A1_OFFICIAL_MARKET,WEB,1,46248,FOUND,SCALE_BATCH_02 collected.
QUE-000292,CFG-000046,identity_exact_configuration,P0,COMPLETE,A1_OFFICIAL_MARKET,WEB,1,46248,FOUND,SCALE_BATCH_02 collected.
QUE-000293,CFG-000046,dimensions_core,P0,NOT_STARTED,A1_OFFICIAL_MARKET,WEB,0,,PENDING,Bounded P0 evidence gap retained; no inference.
QUE-000294,CFG-000046,cargo_volume_l,P0,COMPLETE,A1_OFFICIAL_MARKET,WEB,1,46248,FOUND,SCALE_BATCH_02 collected.
QUE-000295,CFG-000046,ground_clearance_mm,P0,NOT_STARTED,A1_OFFICIAL_MARKET,WEB,0,,PENDING,Bounded P0 evidence gap retained; no inference.
QUE-000296,CFG-000046,efficiency_or_range_core,P0,COMPLETE,A1_OFFICIAL_MARKET,WEB,1,46248,FOUND,SCALE_BATCH_02 collected.
QUE-000297,CFG-000046,equipment_mvp_core,P0,COMPLETE,A1_OFFICIAL_MARKET,WEB,1,46248,FOUND,SCALE_BATCH_02 collected.
QUE-000298,CFG-000047,identity_exact_configuration,P0,COMPLETE,A1_OFFICIAL_MARKET,WEB,1,46248,FOUND,SCALE_BATCH_02 collected.
QUE-000299,CFG-000047,dimensions_core,P0,NOT_STARTED,A1_OFFICIAL_MARKET,WEB,0,,PENDING,Bounded P0 evidence gap retained; no inference.
QUE-000300,CFG-000047,cargo_volume_l,P0,NOT_STARTED,A1_OFFICIAL_MARKET,WEB,0,,PENDING,Bounded P0 evidence gap retained; no inference.
QUE-000301,CFG-000047,ground_clearance_mm,P0,NOT_STARTED,A1_OFFICIAL_MARKET,WEB,0,,PENDING,Bounded P0 evidence gap retained; no inference.
QUE-000302,CFG-000047,efficiency_or_range_core,P0,COMPLETE,A1_OFFICIAL_MARKET,WEB,1,46248,FOUND,SCALE_BATCH_02 collected.
QUE-000303,CFG-000047,equipment_mvp_core,P0,NOT_STARTED,A1_OFFICIAL_MARKET,WEB,0,,PENDING,Bounded P0 evidence gap retained; no inference.
QUE-000304,CFG-000048,identity_exact_configuration,P0,COMPLETE,A1_OFFICIAL_MARKET,WEB,1,46248,FOUND,SCALE_BATCH_02 collected.
QUE-000305,CFG-000048,dimensions_core,P0,NOT_STARTED,A1_OFFICIAL_MARKET,WEB,0,,PENDING,Bounded P0 evidence gap retained; no inference.
QUE-000306,CFG-000048,cargo_volume_l,P0,NOT_STARTED,A1_OFFICIAL_MARKET,WEB,0,,PENDING,Bounded P0 evidence gap retained; no inference.
QUE-000307,CFG-000048,ground_clearance_mm,P0,NOT_STARTED,A1_OFFICIAL_MARKET,WEB,0,,PENDING,Bounded P0 evidence gap retained; no inference.
QUE-000308,CFG-000048,efficiency_or_range_core,P0,COMPLETE,A1_OFFICIAL_MARKET,WEB,1,46248,FOUND,SCALE_BATCH_02 collected.
QUE-000309,CFG-000048,equipment_mvp_core,P0,NOT_STARTED,A1_OFFICIAL_MARKET,WEB,0,,PENDING,Bounded P0 evidence gap retained; no inference.
QUE-000310,CFG-000049,identity_exact_configuration,P0,COMPLETE,A1_OFFICIAL_MARKET,WEB,1,46248,FOUND,SCALE_BATCH_02 collected.
QUE-000311,CFG-000049,dimensions_core,P0,NOT_STARTED,A1_OFFICIAL_MARKET,WEB,0,,PENDING,Bounded P0 evidence gap retained; no inference.
QUE-000312,CFG-000049,cargo_volume_l,P0,NOT_STARTED,A1_OFFICIAL_MARKET,WEB,0,,PENDING,Bounded P0 evidence gap retained; no inference.
QUE-000313,CFG-000049,ground_clearance_mm,P0,NOT_STARTED,A1_OFFICIAL_MARKET,WEB,0,,PENDING,Bounded P0 evidence gap retained; no inference.
QUE-000314,CFG-000049,efficiency_or_range_core,P0,COMPLETE,A1_OFFICIAL_MARKET,WEB,1,46248,FOUND,SCALE_BATCH_02 collected.
QUE-000315,CFG-000049,equipment_mvp_core,P0,NOT_STARTED,A1_OFFICIAL_MARKET,WEB,0,,PENDING,Bounded P0 evidence gap retained; no inference.
QUE-000316,CFG-000050,identity_exact_configuration,P0,NOT_STARTED,A1_OFFICIAL_MARKET,WEB,0,,PENDING,Bounded P0 evidence gap retained; no inference.
QUE-000317,CFG-000050,dimensions_core,P0,COMPLETE,A1_OFFICIAL_MARKET,WEB,1,46248,FOUND,SCALE_BATCH_02 collected.
QUE-000318,CFG-000050,cargo_volume_l,P0,COMPLETE,A1_OFFICIAL_MARKET,WEB,1,46248,FOUND,SCALE_BATCH_02 collected.
QUE-000319,CFG-000050,ground_clearance_mm,P0,COMPLETE,A1_OFFICIAL_MARKET,WEB,1,46248,FOUND,SCALE_BATCH_02 collected.
QUE-000320,CFG-000050,efficiency_or_range_core,P0,COMPLETE,A1_OFFICIAL_MARKET,WEB,1,46248,FOUND,SCALE_BATCH_02 collected.
QUE-000321,CFG-000050,equipment_mvp_core,P0,NOT_STARTED,A1_OFFICIAL_MARKET,WEB,0,,PENDING,Bounded P0 evidence gap retained; no inference.
QUE-000322,CFG-000051,identity_exact_configuration,P0,NOT_STARTED,A1_OFFICIAL_MARKET,WEB,0,,PENDING,Bounded P0 gap retained; no inference.
QUE-000323,CFG-000051,dimensions_core,P0,NOT_STARTED,A1_OFFICIAL_MARKET,WEB,0,,PENDING,Bounded P0 gap retained; no inference.
QUE-000324,CFG-000051,cargo_volume_l,P0,NOT_STARTED,A1_OFFICIAL_MARKET,WEB,0,,PENDING,Bounded P0 gap retained; no inference.
QUE-000325,CFG-000051,ground_clearance_mm,P0,NOT_STARTED,A1_OFFICIAL_MARKET,WEB,0,,PENDING,Bounded P0 gap retained; no inference.
QUE-000326,CFG-000051,efficiency_or_range_core,P0,NOT_STARTED,A1_OFFICIAL_MARKET,WEB,0,,PENDING,Bounded P0 gap retained; no inference.
QUE-000327,CFG-000051,equipment_mvp_core,P0,NOT_STARTED,A1_OFFICIAL_MARKET,WEB,0,,PENDING,Bounded P0 gap retained; no inference.
QUE-000328,CFG-000052,identity_exact_configuration,P0,NOT_STARTED,A1_OFFICIAL_MARKET,WEB,0,,PENDING,Bounded P0 gap retained; no inference.
QUE-000329,CFG-000052,dimensions_core,P0,NOT_STARTED,A1_OFFICIAL_MARKET,WEB,0,,PENDING,Bounded P0 gap retained; no inference.
QUE-000330,CFG-000052,cargo_volume_l,P0,NOT_STARTED,A1_OFFICIAL_MARKET,WEB,0,,PENDING,Bounded P0 gap retained; no inference.
QUE-000331,CFG-000052,ground_clearance_mm,P0,NOT_STARTED,A1_OFFICIAL_MARKET,WEB,0,,PENDING,Bounded P0 gap retained; no inference.
QUE-000332,CFG-000052,efficiency_or_range_core,P0,NOT_STARTED,A1_OFFICIAL_MARKET,WEB,0,,PENDING,Bounded P0 gap retained; no inference.
QUE-000333,CFG-000052,equipment_mvp_core,P0,NOT_STARTED,A1_OFFICIAL_MARKET,WEB,0,,PENDING,Bounded P0 gap retained; no inference.
QUE-000334,CFG-000053,identity_exact_configuration,P0,NOT_STARTED,A1_OFFICIAL_MARKET,WEB,0,,PENDING,Bounded P0 gap retained; no inference.
QUE-000335,CFG-000053,dimensions_core,P0,NOT_STARTED,A1_OFFICIAL_MARKET,WEB,0,,PENDING,Bounded P0 gap retained; no inference.
QUE-000336,CFG-000053,cargo_volume_l,P0,NOT_STARTED,A1_OFFICIAL_MARKET,WEB,0,,PENDING,Bounded P0 gap retained; no inference.
QUE-000337,CFG-000053,ground_clearance_mm,P0,NOT_STARTED,A1_OFFICIAL_MARKET,WEB,0,,PENDING,Bounded P0 gap retained; no inference.
QUE-000338,CFG-000053,efficiency_or_range_core,P0,NOT_STARTED,A1_OFFICIAL_MARKET,WEB,0,,PENDING,Bounded P0 gap retained; no inference.
QUE-000339,CFG-000053,equipment_mvp_core,P0,NOT_STARTED,A1_OFFICIAL_MARKET,WEB,0,,PENDING,Bounded P0 gap retained; no inference.
QUE-000340,CFG-000054,identity_exact_configuration,P0,COMPLETE,A1_OFFICIAL_MARKET,WEB,1,46248,FOUND,SCALE_BATCH_03 collected.
QUE-000341,CFG-000054,dimensions_core,P0,NOT_STARTED,A1_OFFICIAL_MARKET,WEB,0,,PENDING,Bounded P0 gap retained; no inference.
QUE-000342,CFG-000054,cargo_volume_l,P0,NOT_STARTED,A1_OFFICIAL_MARKET,WEB,0,,PENDING,Bounded P0 gap retained; no inference.
QUE-000343,CFG-000054,ground_clearance_mm,P0,NOT_STARTED,A1_OFFICIAL_MARKET,WEB,0,,PENDING,Bounded P0 gap retained; no inference.
QUE-000344,CFG-000054,efficiency_or_range_core,P0,NOT_STARTED,A1_OFFICIAL_MARKET,WEB,0,,PENDING,Bounded P0 gap retained; no inference.
QUE-000345,CFG-000054,equipment_mvp_core,P0,NOT_STARTED,A1_OFFICIAL_MARKET,WEB,0,,PENDING,Bounded P0 gap retained; no inference.
QUE-000346,CFG-000055,identity_exact_configuration,P0,COMPLETE,A1_OFFICIAL_MARKET,WEB,1,46248,FOUND,SCALE_BATCH_03 collected.
QUE-000347,CFG-000055,dimensions_core,P0,COMPLETE,A1_OFFICIAL_MARKET,WEB,1,46248,FOUND,SCALE_BATCH_03 collected.
QUE-000348,CFG-000055,cargo_volume_l,P0,NOT_STARTED,A1_OFFICIAL_MARKET,WEB,0,,PENDING,Bounded P0 gap retained; no inference.
QUE-000349,CFG-000055,ground_clearance_mm,P0,NOT_STARTED,A1_OFFICIAL_MARKET,WEB,0,,PENDING,Bounded P0 gap retained; no inference.
QUE-000350,CFG-000055,efficiency_or_range_core,P0,COMPLETE,A1_OFFICIAL_MARKET,WEB,1,46248,FOUND,SCALE_BATCH_03 collected.
QUE-000351,CFG-000055,equipment_mvp_core,P0,NOT_STARTED,A1_OFFICIAL_MARKET,WEB,0,,PENDING,Bounded P0 gap retained; no inference.
QUE-000352,CFG-000056,identity_exact_configuration,P0,NOT_STARTED,A1_OFFICIAL_MARKET,WEB,0,,PENDING,Bounded P0 gap retained; no inference.
QUE-000353,CFG-000056,dimensions_core,P0,NOT_STARTED,A1_OFFICIAL_MARKET,WEB,0,,PENDING,Bounded P0 gap retained; no inference.
QUE-000354,CFG-000056,cargo_volume_l,P0,NOT_STARTED,A1_OFFICIAL_MARKET,WEB,0,,PENDING,Bounded P0 gap retained; no inference.
QUE-000355,CFG-000056,ground_clearance_mm,P0,NOT_STARTED,A1_OFFICIAL_MARKET,WEB,0,,PENDING,Bounded P0 gap retained; no inference.
QUE-000356,CFG-000056,efficiency_or_range_core,P0,NOT_STARTED,A1_OFFICIAL_MARKET,WEB,0,,PENDING,Bounded P0 gap retained; no inference.
QUE-000357,CFG-000056,equipment_mvp_core,P0,NOT_STARTED,A1_OFFICIAL_MARKET,WEB,0,,PENDING,Bounded P0 gap retained; no inference.
QUE-000358,CFG-000057,identity_exact_configuration,P0,COMPLETE,A1_OFFICIAL_MARKET,WEB,1,46248,FOUND,SCALE_BATCH_03 collected.
QUE-000359,CFG-000057,dimensions_core,P0,NOT_STARTED,A1_OFFICIAL_MARKET,WEB,0,,PENDING,Bounded P0 gap retained; no inference.
QUE-000360,CFG-000057,cargo_volume_l,P0,NOT_STARTED,A1_OFFICIAL_MARKET,WEB,0,,PENDING,Bounded P0 gap retained; no inference.
QUE-000361,CFG-000057,ground_clearance_mm,P0,NOT_STARTED,A1_OFFICIAL_MARKET,WEB,0,,PENDING,Bounded P0 gap retained; no inference.
QUE-000362,CFG-000057,efficiency_or_range_core,P0,NOT_STARTED,A1_OFFICIAL_MARKET,WEB,0,,PENDING,Bounded P0 gap retained; no inference.
QUE-000363,CFG-000057,equipment_mvp_core,P0,NOT_STARTED,A1_OFFICIAL_MARKET,WEB,0,,PENDING,Bounded P0 gap retained; no inference.
QUE-000364,CFG-000058,identity_exact_configuration,P0,COMPLETE,A1_OFFICIAL_MARKET,WEB,1,46248,FOUND,SCALE_BATCH_03 collected.
QUE-000365,CFG-000058,dimensions_core,P0,COMPLETE,A1_OFFICIAL_MARKET,WEB,1,46248,FOUND,SCALE_BATCH_03 collected.
QUE-000366,CFG-000058,cargo_volume_l,P0,COMPLETE,A1_OFFICIAL_MARKET,WEB,1,46248,FOUND,SCALE_BATCH_03 collected.
QUE-000367,CFG-000058,ground_clearance_mm,P0,NOT_STARTED,A1_OFFICIAL_MARKET,WEB,0,,PENDING,Bounded P0 gap retained; no inference.
QUE-000368,CFG-000058,efficiency_or_range_core,P0,COMPLETE,A1_OFFICIAL_MARKET,WEB,1,46248,FOUND,SCALE_BATCH_03 collected.
QUE-000369,CFG-000058,equipment_mvp_core,P0,NOT_STARTED,A1_OFFICIAL_MARKET,WEB,0,,PENDING,Bounded P0 gap retained; no inference.
QUE-000370,CFG-000059,identity_exact_configuration,P0,NOT_STARTED,A1_OFFICIAL_MARKET,WEB,0,,PENDING,Bounded P0 gap retained; no inference.
QUE-000371,CFG-000059,dimensions_core,P0,NOT_STARTED,A1_OFFICIAL_MARKET,WEB,0,,PENDING,Bounded P0 gap retained; no inference.
QUE-000372,CFG-000059,cargo_volume_l,P0,NOT_STARTED,A1_OFFICIAL_MARKET,WEB,0,,PENDING,Bounded P0 gap retained; no inference.
QUE-000373,CFG-000059,ground_clearance_mm,P0,NOT_STARTED,A1_OFFICIAL_MARKET,WEB,0,,PENDING,Bounded P0 gap retained; no inference.
QUE-000374,CFG-000059,efficiency_or_range_core,P0,NOT_STARTED,A1_OFFICIAL_MARKET,WEB,0,,PENDING,Bounded P0 gap retained; no inference.
QUE-000375,CFG-000059,equipment_mvp_core,P0,NOT_STARTED,A1_OFFICIAL_MARKET,WEB,0,,PENDING,Bounded P0 gap retained; no inference.
QUE-000376,CFG-000060,identity_exact_configuration,P0,NOT_STARTED,A1_OFFICIAL_MARKET,WEB,0,,PENDING,Bounded P0 gap retained; no inference.
QUE-000377,CFG-000060,dimensions_core,P0,NOT_STARTED,A1_OFFICIAL_MARKET,WEB,0,,PENDING,Bounded P0 gap retained; no inference.
QUE-000378,CFG-000060,cargo_volume_l,P0,NOT_STARTED,A1_OFFICIAL_MARKET,WEB,0,,PENDING,Bounded P0 gap retained; no inference.
QUE-000379,CFG-000060,ground_clearance_mm,P0,NOT_STARTED,A1_OFFICIAL_MARKET,WEB,0,,PENDING,Bounded P0 gap retained; no inference.
QUE-000380,CFG-000060,efficiency_or_range_core,P0,NOT_STARTED,A1_OFFICIAL_MARKET,WEB,0,,PENDING,Bounded P0 gap retained; no inference.
QUE-000381,CFG-000060,equipment_mvp_core,P0,NOT_STARTED,A1_OFFICIAL_MARKET,WEB,0,,PENDING,Bounded P0 gap retained; no inference.
QUE-000382,CFG-000061,identity_exact_configuration,P0,NOT_STARTED,A1_OFFICIAL_MARKET,WEB,0,,PENDING,Bounded P0 gap retained; no inference.
QUE-000383,CFG-000061,dimensions_core,P0,NOT_STARTED,A1_OFFICIAL_MARKET,WEB,0,,PENDING,Bounded P0 gap retained; no inference.
QUE-000384,CFG-000061,cargo_volume_l,P0,NOT_STARTED,A1_OFFICIAL_MARKET,WEB,0,,PENDING,Bounded P0 gap retained; no inference.
QUE-000385,CFG-000061,ground_clearance_mm,P0,NOT_STARTED,A1_OFFICIAL_MARKET,WEB,0,,PENDING,Bounded P0 gap retained; no inference.
QUE-000386,CFG-000061,efficiency_or_range_core,P0,NOT_STARTED,A1_OFFICIAL_MARKET,WEB,0,,PENDING,Bounded P0 gap retained; no inference.
QUE-000387,CFG-000061,equipment_mvp_core,P0,NOT_STARTED,A1_OFFICIAL_MARKET,WEB,0,,PENDING,Bounded P0 gap retained; no inference.
QUE-000388,CFG-000062,identity_exact_configuration,P0,COMPLETE,A1_OFFICIAL_MARKET,WEB,1,46248,FOUND,SCALE_BATCH_03 collected.
QUE-000389,CFG-000062,dimensions_core,P0,NOT_STARTED,A1_OFFICIAL_MARKET,WEB,0,,PENDING,Bounded P0 gap retained; no inference.
QUE-000390,CFG-000062,cargo_volume_l,P0,NOT_STARTED,A1_OFFICIAL_MARKET,WEB,0,,PENDING,Bounded P0 gap retained; no inference.
QUE-000391,CFG-000062,ground_clearance_mm,P0,NOT_STARTED,A1_OFFICIAL_MARKET,WEB,0,,PENDING,Bounded P0 gap retained; no inference.
QUE-000392,CFG-000062,efficiency_or_range_core,P0,COMPLETE,A1_OFFICIAL_MARKET,WEB,1,46248,FOUND,SCALE_BATCH_03 collected.
QUE-000393,CFG-000062,equipment_mvp_core,P0,NOT_STARTED,A1_OFFICIAL_MARKET,WEB,0,,PENDING,Bounded P0 gap retained; no inference.
QUE-000394,CFG-000063,identity_exact_configuration,P0,COMPLETE,A1_OFFICIAL_MARKET,WEB,1,46248,FOUND,SCALE_BATCH_03 collected.
QUE-000395,CFG-000063,dimensions_core,P0,COMPLETE,A1_OFFICIAL_MARKET,WEB,1,46248,FOUND,SCALE_BATCH_03 collected.
QUE-000396,CFG-000063,cargo_volume_l,P0,NOT_STARTED,A1_OFFICIAL_MARKET,WEB,0,,PENDING,Bounded P0 gap retained; no inference.
QUE-000397,CFG-000063,ground_clearance_mm,P0,NOT_STARTED,A1_OFFICIAL_MARKET,WEB,0,,PENDING,Bounded P0 gap retained; no inference.
QUE-000398,CFG-000063,efficiency_or_range_core,P0,COMPLETE,A1_OFFICIAL_MARKET,WEB,1,46248,FOUND,SCALE_BATCH_03 collected.
QUE-000399,CFG-000063,equipment_mvp_core,P0,NOT_STARTED,A1_OFFICIAL_MARKET,WEB,0,,PENDING,Bounded P0 gap retained; no inference.
QUE-000400,CFG-000064,identity_exact_configuration,P0,COMPLETE,A1_OFFICIAL_MARKET,WEB,1,46248,FOUND,SCALE_BATCH_03 collected.
QUE-000401,CFG-000064,dimensions_core,P0,COMPLETE,A1_OFFICIAL_MARKET,WEB,1,46248,FOUND,SCALE_BATCH_03 collected.
QUE-000402,CFG-000064,cargo_volume_l,P0,COMPLETE,A1_OFFICIAL_MARKET,WEB,1,46248,FOUND,SCALE_BATCH_03 collected.
QUE-000403,CFG-000064,ground_clearance_mm,P0,COMPLETE,A1_OFFICIAL_MARKET,WEB,1,46248,FOUND,SCALE_BATCH_03 collected.
QUE-000404,CFG-000064,efficiency_or_range_core,P0,COMPLETE,A1_OFFICIAL_MARKET,WEB,1,46248,FOUND,SCALE_BATCH_03 collected.
QUE-000405,CFG-000064,equipment_mvp_core,P0,NOT_STARTED,A1_OFFICIAL_MARKET,WEB,0,,PENDING,Bounded P0 gap retained; no inference.
QUE-000406,CFG-000065,identity_exact_configuration,P0,NOT_STARTED,A1_OFFICIAL_MARKET,WEB,0,,PENDING,Bounded P0 gap retained; no inference.
QUE-000407,CFG-000065,dimensions_core,P0,COMPLETE,A1_OFFICIAL_MARKET,WEB,1,46248,FOUND,SCALE_BATCH_03 collected.
QUE-000408,CFG-000065,cargo_volume_l,P0,NOT_STARTED,A1_OFFICIAL_MARKET,WEB,0,,PENDING,Bounded P0 gap retained; no inference.
QUE-000409,CFG-000065,ground_clearance_mm,P0,NOT_STARTED,A1_OFFICIAL_MARKET,WEB,0,,PENDING,Bounded P0 gap retained; no inference.
QUE-000410,CFG-000065,efficiency_or_range_core,P0,NOT_STARTED,A1_OFFICIAL_MARKET,WEB,0,,PENDING,Bounded P0 gap retained; no inference.
QUE-000411,CFG-000065,equipment_mvp_core,P0,NOT_STARTED,A1_OFFICIAL_MARKET,WEB,0,,PENDING,Bounded P0 gap retained; no inference.
QUE-000412,CFG-000066,identity_exact_configuration,P0,COMPLETE,A1_OFFICIAL_MARKET,WEB,1,46248,FOUND,SCALE_BATCH_03 collected.
QUE-000413,CFG-000066,dimensions_core,P0,COMPLETE,A1_OFFICIAL_MARKET,WEB,1,46248,FOUND,SCALE_BATCH_03 collected.
QUE-000414,CFG-000066,cargo_volume_l,P0,COMPLETE,A1_OFFICIAL_MARKET,WEB,1,46248,FOUND,SCALE_BATCH_03 collected.
QUE-000415,CFG-000066,ground_clearance_mm,P0,NOT_STARTED,A1_OFFICIAL_MARKET,WEB,0,,PENDING,Bounded P0 gap retained; no inference.
QUE-000416,CFG-000066,efficiency_or_range_core,P0,COMPLETE,A1_OFFICIAL_MARKET,WEB,1,46248,FOUND,SCALE_BATCH_03 collected.
QUE-000417,CFG-000066,equipment_mvp_core,P0,NOT_STARTED,A1_OFFICIAL_MARKET,WEB,0,,PENDING,Bounded P0 gap retained; no inference.
QUE-000418,CFG-000067,identity_exact_configuration,P0,NOT_STARTED,A1_OFFICIAL_MARKET,WEB,0,,PENDING,Bounded P0 gap retained; no inference.
QUE-000419,CFG-000067,dimensions_core,P0,COMPLETE,A1_OFFICIAL_MARKET,WEB,1,46248,FOUND,SCALE_BATCH_03 collected.
QUE-000420,CFG-000067,cargo_volume_l,P0,NOT_STARTED,A1_OFFICIAL_MARKET,WEB,0,,PENDING,Bounded P0 gap retained; no inference.
QUE-000421,CFG-000067,ground_clearance_mm,P0,NOT_STARTED,A1_OFFICIAL_MARKET,WEB,0,,PENDING,Bounded P0 gap retained; no inference.
QUE-000422,CFG-000067,efficiency_or_range_core,P0,NOT_STARTED,A1_OFFICIAL_MARKET,WEB,0,,PENDING,Bounded P0 gap retained; no inference.
QUE-000423,CFG-000067,equipment_mvp_core,P0,NOT_STARTED,A1_OFFICIAL_MARKET,WEB,0,,PENDING,Bounded P0 gap retained; no inference.
QUE-000424,CFG-000068,identity_exact_configuration,P0,COMPLETE,A1_OFFICIAL_MARKET,WEB,1,46248,FOUND,SCALE_BATCH_03 collected.
QUE-000425,CFG-000068,dimensions_core,P0,COMPLETE,A1_OFFICIAL_MARKET,WEB,1,46248,FOUND,SCALE_BATCH_03 collected.
QUE-000426,CFG-000068,cargo_volume_l,P0,COMPLETE,A1_OFFICIAL_MARKET,WEB,1,46248,FOUND,SCALE_BATCH_03 collected.
QUE-000427,CFG-000068,ground_clearance_mm,P0,NOT_STARTED,A1_OFFICIAL_MARKET,WEB,0,,PENDING,Bounded P0 gap retained; no inference.
QUE-000428,CFG-000068,efficiency_or_range_core,P0,COMPLETE,A1_OFFICIAL_MARKET,WEB,1,46248,FOUND,SCALE_BATCH_03 collected.
QUE-000429,CFG-000068,equipment_mvp_core,P0,NOT_STARTED,A1_OFFICIAL_MARKET,WEB,0,,PENDING,Bounded P0 gap retained; no inference.
