categoryId,exactProductId,brand,model,independentFreshOffers,exactSources
"AIR_FRYER","NINJA_AF400EU_TR","Ninja","Foodi MAX Dual Zone AF400EU",0,""
"AIR_FRYER","PHILIPS_NA350_00_TR","Philips","3000 Series NA350/00",0,""
"AIR_FRYER","TEFAL_EY855D_TR","Tefal","Easy Fry Mega EY855D",0,""
"AIR_PURIFIER","DYSON_BP02_TR","Dyson","BP02",0,""
"AIR_PURIFIER","PHILIPS_AC1711_10_TR","Philips","AC1711/10",0,""
"AIR_PURIFIER","XIAOMI_AC_M16_SC_TR","Xiaomi","AC-M16-SC",0,""
"BLENDER","BOSCH_MMB6172S_TR","Bosch","VitaPower Serie 4 MMB6172S",0,""
"BLENDER","PHILIPS_HR2291_41_TR","Philips","Series 3000 HR2291/41",0,""
"BLENDER","TEFAL_BL811D_TR","Tefal","Perfectmix+ BL811D",0,""
"BUILT_IN_MICROWAVE_OVEN","ARCELIK_MA2030S_TR","Arçelik","MA 2030 S",0,""
"BUILT_IN_MICROWAVE_OVEN","BEKO_BMC2030S_TR","Beko","BMC 2030 S",0,""
"BUILT_IN_MICROWAVE_OVEN","SIEMENS_BE525LMB2_TR","Siemens","BE525LMB2",0,""
"BUILT_IN_OVEN","ARCELIK_AFC_120_S_TR","Arçelik","AFC 120 S",0,""
"BUILT_IN_OVEN","BEKO_BFC_221_HB_TR","Beko","BFC 221 HB",0,""
"BUILT_IN_OVEN","BOSCH_HBF534ES3T_TR","Bosch","HBF534ES3T",0,""
"COUNTERTOP_MICROWAVE_OVEN","ARCELIK_MD20K_VINTAGE_TR","Arçelik","MD 20 K Vintage",0,""
"COUNTERTOP_MICROWAVE_OVEN","BEKO_BMD200G_TR","Beko","BMD 200 G",0,""
"COUNTERTOP_MICROWAVE_OVEN","SIEMENS_FF023LMS1_TR","Siemens","FF023LMS1",0,""
"DISHWASHER","BEKO_BM4044_TR","Beko","BM 4044",0,""
"DISHWASHER","BOSCH_SMS4IKI62T_TR","Bosch","SMS4IKI62T",0,""
"DISHWASHER","SAMSUNG_DW60DG560FWQTR","Samsung","DW60DG560FWQTR",0,""
"DISHWASHER","SIEMENS_SN25EI63MT_TR","Siemens","SN25EI63MT",0,""
"DRYER","BEKO_KM_99_TR","Beko","KM 99",0,""
"DRYER","BEKO_KMX_82_TR","Beko","KMX 82",0,""
"DRYER","BOSCH_WQG24100TR","Bosch","WQG24100TR",0,""
"ELECTRIC_STORAGE_WATER_HEATER","ARCELIK_T7365_ECO_TR","Arçelik","T 7365 ECO",0,""
"ELECTRIC_STORAGE_WATER_HEATER","BAYMAK_XLS65_TR","Baymak","Aqua X-Konfor X-LS 65",0,""
"ELECTRIC_STORAGE_WATER_HEATER","BEKO_BKT650_B_TR","Beko","BKT 650 B",0,""
"FILTER_COFFEE_MACHINE","ARCELIK_CM3940P_TR","Arçelik","CM 3940 P",0,""
"FILTER_COFFEE_MACHINE","BOSCH_TKA6A041_TR","Bosch","ComfortLine TKA6A041",0,""
"FILTER_COFFEE_MACHINE","PHILIPS_HD7462_20_TR","Philips","Daily Collection HD7462/20",0,""
"FOOD_PROCESSOR","BOSCH_MCM3501M_TR","Bosch","MultiTalent 3 MCM3501M",0,""
"FOOD_PROCESSOR","KENWOOD_FDP65_450WH_TR","Kenwood","MultiPro Express FDP65.450WH",0,""
"FOOD_PROCESSOR","PHILIPS_HR7778_00_TR","Philips","7000 Series HR7778/00",0,""
"FREESTANDING_COOKER","ARCELIK_8315_TR","Arçelik","8315",0,""
"FREESTANDING_COOKER","BEKO_FE_411_TR","Beko","FE 411",0,""
"FREESTANDING_COOKER","BOSCH_HXR390H21T_TR","Bosch","HXR390H21T",0,""
"FREEZER","ARCELIK_2071_NFB_TR","Arçelik","2071 NFB",0,""
"FREEZER","ARCELIK_2682_NFB_TR","Arçelik","2682 NFB",0,""
"FREEZER","BOSCH_GSN33VWE0N_TR","Bosch","GSN33VWE0N",0,""
"FULLY_AUTOMATIC_ESPRESSO_MACHINE","DELONGHI_ECAM220_22_GB_TR","De'Longhi","Magnifica Start ECAM220.22.GB",0,""
"FULLY_AUTOMATIC_ESPRESSO_MACHINE","PHILIPS_EP2220_10_TR","Philips","Series 2200 EP2220/10",0,""
"FULLY_AUTOMATIC_ESPRESSO_MACHINE","SIEMENS_TP511R09_TR","Siemens","EQ.500 classic TP511R09",0,""
"HOB","ARCELIK_OI_602_1_YS_TR","Arçelik","OI 602-1 YS",0,""
"HOB","BEKO_BOI_6021_YS_TR","Beko","BOI 6021 YS",0,""
"HOB","BOSCH_PUE611BB5E_TR","Bosch","PUE611BB5E",0,""
"INSTANTANEOUS_ELECTRIC_WATER_HEATER","ARCELIK_E7526_ASI_TR","Arçelik","E 7526 ASİ",0,""
"INSTANTANEOUS_ELECTRIC_WATER_HEATER","ARNICA_EG54030_HAMMAM_TR","Arnica","EG54030 Hammam",0,""
"INSTANTANEOUS_ELECTRIC_WATER_HEATER","ARZUM_AR012_LAGUNA_TR","Arzum","AR 012 Laguna",0,""
"MANUAL_ESPRESSO_MACHINE","DELONGHI_EC685_M_TR","De'Longhi","Dedica Style EC685.M",0,""
"MANUAL_ESPRESSO_MACHINE","PHILIPS_PSA3228_01_TR","Philips","Barista Brew PSA3228/01",0,""
"MANUAL_ESPRESSO_MACHINE","SMEG_ECF02CREU_TR","Smeg","ECF02CREU",0,""
"RANGE_HOOD","ARCELIK_ADE_6041_B1_TR","Arçelik","ADE 6041 B1",0,""
"RANGE_HOOD","ARCELIK_P_18_YCB_TR","Arçelik","P 18 YCB",0,""
"RANGE_HOOD","BOSCH_DWP64CC50T_TR","Bosch","DWP64CC50T",0,""
"REFRIGERATOR","BOSCH_KGN55CIE0N_TR","Bosch","KGN55CIE0N",0,""
"REFRIGERATOR","LG_GC_B569NLLM_TR","LG","GC-B569NLLM",0,""
"REFRIGERATOR","SAMSUNG_RB34C6B0E12_TR","Samsung","RB34C6B0E12/TR",0,""
"REFRIGERATOR","SIEMENS_KG56NVWD0N_TR","Siemens","KG56NVWD0N",0,""
"ROBOT_VACUUM","BOSCH_BCRC2W_TR","Bosch","BCRC2W",0,""
"ROBOT_VACUUM","SAMSUNG_VR3MB77312K_TR","Samsung","VR3MB77312K/TR",0,""
"ROBOT_VACUUM","XIAOMI_H40_OV51_TR","Xiaomi","Robot Vacuum H40 / OV51",0,""
"ROBOT_VACUUM","XIAOMI_X20_PRO_TR","Xiaomi","Robot Vacuum X20 Pro",0,""
"SPLIT_AIR_CONDITIONER","BOSCH_CL2000U_W_26_E__CL2000_26_E_TR","Bosch","CL2000U W 26 E + CL2000 26 E",0,""
"SPLIT_AIR_CONDITIONER","BOSCH_CL3000IU_W_35_E__CL3000I_35_E_TR","Bosch","CL3000iU W 35 E + CL3000i 35 E",0,""
"SPLIT_AIR_CONDITIONER","TOSHIBA_RAS_B24B2KV2G_TR__RAS_24B2AV2G_TR","Toshiba","RAS-B24B2KV2G-TR + RAS-24B2AV2G-TR",0,""
"TURKISH_COFFEE_MACHINE","ARCELIK_K3300_TFF_TR","Arçelik","K 3300 TFF",0,""
"TURKISH_COFFEE_MACHINE","ARZUM_OK004_0400_TR","Arzum","OKKA Minio OK004-0400",0,""
"TURKISH_COFFEE_MACHINE","KARACA_HATIR_HUP_TR","Karaca","Hatır Hüp",0,""
"VACUUM","BOSCH_BGC21X300_TR","Bosch","BGC21X300",0,""
"VACUUM","BOSCH_BGC41PET_TR","Bosch","BGC41PET",0,""
"VACUUM","PHILIPS_FC9330_07_TR","Philips","FC9330/07",0,""
"VACUUM","PHILIPS_FC9750_07_TR","Philips","FC9750/07",0,""
"WASHING_MACHINE","appliances:wm:tr:beko:cmx-10120","beko","CMX 10120",0,""
"WASHING_MACHINE","appliances:wm:tr:beko:cmx-11140","beko","CMX 11140",0,""
"WASHING_MACHINE","appliances:wm:tr:beko:cmx-8100","beko","CMX 8100",0,""
"WASHING_MACHINE","appliances:wm:tr:beko:cmxt-9120","beko","CMXT 9120",0,""
"WASHING_MACHINE","appliances:wm:tr:bosch:wgb244a0tr","bosch","WGB244A0TR",0,""
"WASHING_MACHINE","appliances:wm:tr:bosch:wgb254a1tr","bosch","WGB254A1TR",0,""
"WASHING_MACHINE","appliances:wm:tr:bosch:wgb254axtr","bosch","WGB254AXTR",0,""
"WASHING_MACHINE","appliances:wm:tr:bosch:wgk264y0tr","bosch","WGK264Y0TR",0,""
"WASHING_MACHINE","appliances:wm:tr:electrolux:ew6f3411act","electrolux","EW6F3411ACT",0,""
"WASHING_MACHINE","appliances:wm:tr:electrolux:ew6f3494t","electrolux","EW6F3494T",0,""
"WASHING_MACHINE","appliances:wm:tr:electrolux:ew7f4404ut","electrolux","EW7F4404UT",0,""
"WASHING_MACHINE","appliances:wm:tr:electrolux:ew7f4422ct","electrolux","EW7F4422CT",0,""
"WASHING_MACHINE","appliances:wm:tr:lg:f4r3tyw3we","lg","F4R3TYW3WE",0,""
"WASHING_MACHINE","appliances:wm:tr:lg:f4r5vyw2t","lg","F4R5VYW2T",0,""
"WASHING_MACHINE","appliances:wm:tr:lg:f4t2vym1s","lg","F4T2VYM1S",0,""
"WASHING_MACHINE","appliances:wm:tr:lg:f4v5ryp0w","lg","F4V5RYP0W",0,""
"WASHING_MACHINE","appliances:wm:tr:lg:f4y5eywyj","lg","F4Y5EYWYJ",0,""
"WASHING_MACHINE","appliances:wm:tr:miele:wwa120-wcs-8kg-active","miele","WWA120 WCS 8kg Active",0,""
"WASHING_MACHINE","appliances:wm:tr:samsung:ww11db8b95gbah","samsung","WW11DB8B95GBAH",0,""
"WASHING_MACHINE","appliances:wm:tr:samsung:ww90cgc04daeah","samsung","WW90CGC04DAEAH",0,""
"WASHING_MACHINE","appliances:wm:tr:samsung:ww90dg6u25leah","samsung","WW90DG6U25LEAH",0,""
"WASHING_MACHINE","appliances:wm:tr:vestel:cmi-108442-wifi","vestel","CMI 108442 WIFI",0,""
"WASHING_MACHINE","appliances:wm:tr:vestel:cmi-87402-wifi","vestel","CMI 87402 WIFI",0,""
"WASHING_MACHINE","appliances:wm:tr:vestel:cmi-99422-wifi","vestel","CMI 99422 WIFI",0,""
